name,location_latitude,location_longitude,physical_type_mapped,recommended_low_interest_box_machines_list,location_type,easy_access_zone,air_index_level,is_doubled,delivery_zone_id,fleet_profile
KRA01A,50.08581,20.01915,3,"['KRA12N', 'KRA206M', 'KRA62N', 'KRA37N', 'KRA58BAPP']",Outdoor,True,VERY_GOOD,1,0,Dominacja EV
KRA01AP,50.06924,20.01355,3,"['KRA216M', 'KRA04BAPP', 'KRA31M', 'KRA03BAPP', 'KRA42N']",Outdoor,True,GOOD,1,0,Dominacja EV
KRA01APP,49.99077,19.94573,6,"['KRA03MP', 'KRA160M', 'KRA303M', 'KRA366M', 'KRA28APP']",Outdoor,True,VERY_GOOD,0,1,Strefa Spalinowa
KRA01B,50.07321,19.80849,3,"['CHX01M', 'CRX01BAPP', 'KRA38BAPP']",Outdoor,True,GOOD,0,3,Strefa Mieszana (Hybrydy)
KRA01BAPP,50.07126,19.94079,6,"['KRA09H', 'KRA152M', 'KRA130M', 'KRA14H', 'KRA80M']",Outdoor,True,VERY_GOOD,0,4,Dominacja EV
KRA01H,50.05589,19.92555,4,"['KRA137M', 'KRA280M', 'KRA423M', 'KRA02H', 'KRA09H']",Indoor,True,VERY_BAD,1,4,Dominacja EV
KRA01HP,50.05015,19.96199,4,"['KRA10H', 'KRA281M', 'KRA146M', 'KRA72M', 'KRA09B']",Indoor,True,VERY_GOOD,0,4,Dominacja EV
KRA01M,50.03436,19.93993,4,"['KRA17HP', 'KRA34M', 'KRA165M', 'KRA02G', 'KRA403M']",Outdoor,True,VERY_GOOD,0,1,Strefa Spalinowa
KRA01MP,50.08652,19.89387,3,"['KRA272M', 'KRA16APP', 'KRA191M', 'KRA417M', 'KRA397M']",Outdoor,True,VERY_GOOD,1,3,Strefa Mieszana (Hybrydy)
KRA01N,50.01816,20.03431,5,"['KRA125M', 'KRA285M', 'KRA323M', 'KRA178M', 'KRA196M']",Outdoor,True,VERY_GOOD,0,2,Strefa Spalinowa
KRA02A,50.08854,19.90193,3,"['KRA397M', 'KRA417M', 'KRA105M', 'KRA203M', 'KRA191M']",Outdoor,True,VERY_GOOD,1,3,Strefa Mieszana (Hybrydy)
KRA02AP,50.07177,20.02873,3,"['KRA40N', 'KRA08BAPP', 'KRA329M', 'KRA18M', 'KRA204M']",Outdoor,True,VERY_GOOD,1,0,Dominacja EV
KRA02APP,50.00919,19.87325,6,"['KRA106M', 'KRA20M', 'KRA208M', 'KRA407M', 'KRA197M']",Outdoor,True,VERY_GOOD,0,1,Strefa Spalinowa
KRA02B,50.06012,19.92217,3,"['KRA01H', 'KRA137M', 'KRA423M', 'KRA02H', 'KRA41A']",Outdoor,True,VERY_BAD,0,4,Dominacja EV
KRA02BAPP,50.08777,20.14615,6,['KRA49N'],Outdoor,True,VERY_GOOD,0,0,Dominacja EV
KRA02BM,50.08301,20.03035,4,"['KRA156M', 'KRA54A', 'KRA286M', 'KRA11M', 'KRA04BM']",Outdoor,True,GOOD,0,0,Dominacja EV
KRA02G,50.034,19.92477,2,"['KRA02N', 'KRA19AP', 'KRA406M', 'KRA62M', 'KRA213M']",Outdoor,True,GOOD,0,1,Strefa Spalinowa
KRA02H,50.07018,19.93289,4,"['KRA09H', 'KRA01BAPP', 'KRA14H', 'KRA265M', 'KRA152M']",Indoor,True,VERY_GOOD,0,4,Dominacja EV
KRA02HO,50.08705,19.9823,4,"['KRA31A', 'KRA07AP', 'KRA07MP', 'KRA332M', 'KRA227M']",Indoor,True,VERY_GOOD,0,4,Dominacja EV
KRA02HP,50.07882,19.89396,4,"['KRA114M', 'KRA12BAPP', 'KRA190M', 'KRA410M', 'KRA253M']",Indoor,True,GOOD,0,3,Strefa Mieszana (Hybrydy)
KRA02MP,50.0871,20.005,3,"['KRA37N', 'KRA10N', 'KRA398M', 'KRA62N', 'KRA110M']",Outdoor,True,VERY_GOOD,0,0,Dominacja EV
KRA02N,50.03307,19.92307,5,"['KRA02G', 'KRA19AP', 'KRA62M', 'KRA406M', 'KRA23N']",Outdoor,True,GOOD,0,1,Strefa Spalinowa
KRA03A,50.09456,20.01077,3,"['KRA14A', 'KRA175M', 'KRA273M', 'KRA274M', 'KRA22APP']",Outdoor,True,GOOD,1,0,Dominacja EV
KRA03APP,50.01237,20.021,6,"['KRA23APP', 'KRA53N', 'KRA178M', 'KRA17M', 'KRA15A']",Outdoor,True,VERY_GOOD,0,2,Strefa Spalinowa
KRA03BAPP,50.06453,20.01908,6,"['KRA39BAPP', 'KRA361M', 'KRA311M', 'KRA04BAPP', 'KRA01AP']",Outdoor,True,VERY_BAD,0,0,Dominacja EV
KRA03C,50.00627,19.94568,1,"['KRA51M', 'KRA246M', 'KRA12MP', 'KRA266M', 'KRA06BAPP']",Outdoor,False,VERY_GOOD,1,1,Strefa Spalinowa
KRA03H,50.0213,19.90274,4,"['KRA12H', 'KRA14MP', 'KRA19N', 'KRA47A', 'KRA120M']",Indoor,True,GOOD,1,1,Strefa Spalinowa
KRA03HO,50.08424,19.93559,4,"['KRA95M', 'KRA24APP', 'KRA269M', 'KRA209M', 'KRA24BAPP']",Indoor,True,VERY_GOOD,1,4,Dominacja EV
KRA03HP,50.0682,19.97813,4,"['KRA164M', 'KRA26M', 'KRA18H', 'KRA171M', 'KRA05N']",Indoor,True,VERY_GOOD,1,4,Dominacja EV
KRA03M,50.00409,19.98869,4,"['KRA284M', 'KRA194M', 'KRA291M', 'KRA238M', 'KRA233M']",Outdoor,True,VERY_GOOD,0,2,Strefa Spalinowa
KRA03MP,49.9936,19.94636,3,"['KRA160M', 'KRA303M', 'KRA366M', 'KRA28APP', 'KRA01APP']",Outdoor,True,VERY_GOOD,1,1,Strefa Spalinowa
KRA03N,50.05478,19.95532,5,"['KRA271M', 'KRA154M', 'KRA152M', 'KRA16H', 'KRA80M']",Outdoor,True,VERY_GOOD,1,4,Dominacja EV
KRA04AP,50.07993,20.02129,3,"['KRA392M', 'KRA48N', 'KRA312M', 'KRA58BAPP', 'KRA54A']",Outdoor,True,VERY_GOOD,0,0,Dominacja EV
KRA04APP,50.02005,20.01582,6,"['KRA138M', 'KRA343M', 'KRA30M', 'KRA323M', 'KRA387M']",Outdoor,True,VERY_GOOD,0,2,Strefa Spalinowa
KRA04B,50.0402,19.9371,3,"['KRA165M', 'KRA59M', 'KRA01HO', 'KRA319M', 'KRA01M']",Outdoor,True,VERY_GOOD,0,1,Strefa Spalinowa
KRA04BAPP,50.06854,20.01235,6,"['KRA01AP', 'KRA216M', 'KRA30APP', 'KRA03BAPP', 'KRA39BAPP']",Outdoor,True,GOOD,1,0,Dominacja EV
KRA04BM,50.08721,20.02516,4,"['KRA23BAPP', 'KRA11M', 'KRA22BAPP', 'KRA78M', 'KRA02BM']",Outdoor,True,VERY_GOOD,1,0,Dominacja EV
KRA04H,49.99787,19.89943,4,"['KRA229M', 'KRA33M', 'KRA29A', 'KRA197M', 'KRA259M']",Indoor,True,VERY_GOOD,1,1,Strefa Spalinowa
KRA04HP,50.02003,20.05785,4,"['KRA357M', 'KRA68M', 'KRA52BAPP', 'KRA359M', 'KRA20APP']",Indoor,True,VERY_GOOD,0,0,Dominacja EV
KRA04MP,50.05822,19.99973,3,"['KRA239M', 'KRA30APP', 'KRA354M', 'KRA42N', 'KRA13BAPP']",Outdoor,True,VERY_GOOD,0,2,Strefa Spalinowa
KRA04N,50.0387,19.96578,5,"['KRA90M', 'KRA88M', 'KRA28M', 'KRA06M', 'KRA146M']",Outdoor,True,VERY_GOOD,1,2,Strefa Spalinowa
KRA05A,50.04013,19.9845,3,"['KRA353M', 'KRA111M', 'KRA177M', 'KRA341M', 'KRA421M']",Outdoor,True,GOOD,0,2,Strefa Spalinowa
KRA05APP,50.07237,19.98085,6,"['KRA18H', 'KRA411M', 'KRA409M', 'KRA16N', 'KRA424M']",Outdoor,True,VERY_GOOD,1,4,Dominacja EV
KRA05BAPP,49.98339,19.88645,6,"['KRA157M', 'KRA304M', 'KRA370M', 'KRA336M', 'KRA33A']",Outdoor,True,VERY_GOOD,0,1,Strefa Spalinowa
KRA05H,50.05862,19.9472,4,"['KRA154M', 'KRA152M', 'KRA271M', 'KRA16H', 'KRA80M']",Indoor,True,VERY_GOOD,0,4,Dominacja EV
KRA05M,50.01512,19.88496,4,"['KRA54M', 'KRA407M', 'KRA10HO', 'KRA208M', 'KRA356M']",Outdoor,True,VERY_GOOD,0,1,Strefa Spalinowa
KRA05MP,50.071,19.9001,3,"['KRA335M', 'KRA168M', 'KRA07BAPP', 'KRA41A', 'KRA253M']",Outdoor,True,VERY_GOOD,1,3,Strefa Mieszana (Hybrydy)
KRA05N,50.06648,19.9617,5,"['KRA23M', 'KRA240M', 'KRA171M', 'KRA103M', 'KRA180M']",Outdoor,True,VERY_GOOD,0,4,Dominacja EV
KRA06APP,50.07371,19.92932,6,"['KRA262M', 'KRA02H', 'KRA09H', 'KRA265M', 'KRA87M']",Outdoor,True,VERY_GOOD,0,4,Dominacja EV
KRA06BAPP,50.0125,19.94784,6,"['KRA266M', 'KRA246M', 'KRA122M', 'KRA25M', 'KRA316M']",Outdoor,True,VERY_GOOD,0,1,Strefa Spalinowa
KRA06H,50.08085,19.95057,4,"['KRA15H', 'KRA83M', 'KRA103M', 'KRA183M', 'KRA23M']",Indoor,True,GOOD,0,4,Dominacja EV
KRA06M,50.0431,19.969,4,"['KRA72M', 'KRA09B', 'KRA16AP', 'KRA306M', 'KRA61N']",Outdoor,True,VERY_GOOD,1,2,Strefa Spalinowa
KRA06MP,50.0664,19.9722,3,"['KRA164M', 'KRA171M', 'KRA05N', 'KRA26M', 'KRA18H']",Outdoor,True,VERY_GOOD,1,4,Dominacja EV
KRA07AP,50.08659,19.97395,3,"['KRA02HO', 'KRA31A', 'KRA33BAPP', 'KRA295M', 'KRA07MP']",Outdoor,True,VERY_GOOD,0,4,Dominacja EV
KRA07APP,50.0215,19.89138,6,"['KRA19N', 'KRA429M', 'KRA12H', 'KRA10HO', 'KRA14MP']",Outdoor,True,VERY_GOOD,0,1,Strefa Spalinowa
KRA07B,50.09688,20.00185,3,"['KRA12APP', 'KRA31N', 'KRA394M', 'KRA143M', 'KRA02MP']",Outdoor,True,VERY_GOOD,0,0,Dominacja EV
KRA07BAPP,50.07227,19.9053,6,"['KRA168M', 'KRA84M', 'KRA05MP', 'KRA139M', 'KRA41A']",Outdoor,True,VERY_GOOD,0,3,Strefa Mieszana (Hybrydy)
KRA07H,50.06143,19.92769,4,"['KRA01H', 'KRA137M', 'KRA02H', 'KRA09H', 'KRA262M']",Indoor,True,VERY_BAD,0,4,Dominacja EV
KRA07M,50.04094,19.9803,4,"['KRA306M', 'KRA322M', 'KRA72M', 'KRA09B', 'KRA16AP']",Outdoor,True,VERY_GOOD,0,2,Strefa Spalinowa
KRA07MP,50.08468,19.9741,3,"['KRA332M', 'KRA02HO', 'KRA224M', 'KRA31A', 'KRA17AP']",Outdoor,True,VERY_GOOD,0,4,Dominacja EV
KRA07N,50.02152,19.98274,5,"['KRA60BAPP', 'KRA64M', 'KRA74M', 'KRA218M', 'KRA116M']",Outdoor,True,VERY_GOOD,0,2,Strefa Spalinowa
KRA08A,50.02776,19.96156,3,"['KRA418M', 'KRA223M', 'KRA63M', 'KRA45BAPP', 'KRA182M']",Outdoor,True,VERY_GOOD,0,2,Strefa Spalinowa
KRA08APP,50.08021,20.0081,6,"['KRA235M', 'KRA110M', 'KRA398M', 'KRA10N', 'KRA228M']",Outdoor,True,VERY_GOOD,0,0,Dominacja EV
KRA08BAPP,50.06655,20.02769,6,"['KRA40N', 'KRA329M', 'KRA18M', 'KRA204M', 'KRA416M']",Outdoor,True,VERY_GOOD,0,0,Dominacja EV
KRA08H,50.07683,20.02714,4,"['KRA91M', 'KRA286M', 'KRA312M', 'KRA51N', 'KRA189M']",Indoor,True,VERY_GOOD,0,0,Dominacja EV
KRA08N,50.01723,19.99926,5,"['KRA153M', 'KRA261M', 'KRA179M', 'KRA387M', 'KRA12M']",Outdoor,True,VERY_GOOD,0,2,Strefa Spalinowa
KRA09AP,50.01502,20.022,3,"['KRA178M', 'KRA17M', 'KRA15A', 'KRA323M', 'KRA125M']",Outdoor,True,VERY_GOOD,1,2,Strefa Spalinowa
KRA09APP,50.03423,19.9747,6,"['KRA28M', 'KRA88M', 'KRA31BAPP', 'KRA04N', 'KRA90M']",Outdoor,True,VERY_GOOD,0,2,Strefa Spalinowa
KRA09B,50.04425,19.96801,3,"['KRA16AP', 'KRA72M', 'KRA146M', 'KRA06M', 'KRA04N']",Outdoor,True,VERY_GOOD,1,2,Strefa Spalinowa
KRA09BAPP,50.00983,19.94822,6,"['KRA06BAPP', 'KRA246M', 'KRA25M', 'KRA316M', 'KRA12MP']",Outdoor,True,VERY_GOOD,0,1,Strefa Spalinowa
KRA09H,50.07069,19.93665,4,"['KRA14H', 'KRA01BAPP', 'KRA265M', 'KRA80M', 'KRA152M']",Indoor,True,VERY_GOOD,0,4,Dominacja EV
KRA09M,50.0175,20.01065,4,"['KRA387M', 'KRA384M', 'KRA54BAPP', 'KRA30M', 'KRA261M']",Outdoor,True,GOOD,0,2,Strefa Spalinowa
KRA09N,50.09602,20.05079,5,"['KRA169M', 'KRA334M', 'KRA48BAPP', 'KRA252M', 'KRA174M']",Outdoor,True,GOOD,1,0,Dominacja EV
KRA100M,50.02095,19.92789,4,"['KRA10MP', 'KRA119M', 'KRA46BAPP', 'KRA547', 'KRA232M']",Outdoor,True,VERY_GOOD,0,1,Strefa Spalinowa
KRA101M,50.0782,19.87884,4,"['KRA258M', 'KRA190M']",Outdoor,True,VERY_GOOD,0,3,Strefa Mieszana (Hybrydy)
KRA103M,50.06936,19.9536,4,"['KRA81M', 'KRA15H', 'KRA23M', 'KRA131M', 'KRA40BAPP']",Outdoor,True,GOOD,0,4,Dominacja EV
KRA104M,50.09732,19.91334,4,"['KRA389M', 'KRA58N', 'KRA148M', 'KRA40A', 'KRA27BAPP']",Outdoor,True,GOOD,0,3,Strefa Mieszana (Hybrydy)
KRA105M,50.08806,19.91426,4,"['KRA203M', 'KRA40A', 'KRA70M', 'KRA397M', 'KRA417M']",Outdoor,True,GOOD,1,3,Strefa Mieszana (Hybrydy)
KRA106M,50.00645,19.87811,4,"['KRA407M', 'KRA02APP', 'KRA197M', 'KRA54M', 'KRA05M']",Outdoor,True,VERY_GOOD,0,1,Strefa Spalinowa
KRA107M,50.04203,20.03394,4,"['KRA49BAPP', 'KRA309M', 'KRA215M', 'KRA342M', 'KRA20APP']",Outdoor,True,GOOD,0,0,Dominacja EV
KRA109M,50.10986,20.12035,4,"['KRZF01M', 'DQJA01M', 'KRA49N', 'KRA308M']",Outdoor,True,VERY_GOOD,0,0,Dominacja EV
KRA10A,50.1025,20.01281,3,"['KRA399M', 'KRA394M', 'KRA400M', 'KRA396M', 'KRA143M']",Outdoor,True,GOOD,1,0,Dominacja EV
KRA10APP,50.05449,19.91994,6,"['KRA280M', 'KRA01H', 'KRA137M', 'KRA226M', 'KRA423M']",Outdoor,True,VERY_BAD,0,1,Strefa Spalinowa
KRA10BAPP,50.07495,19.98922,6,"['KRA193M', 'KRA192M', 'KRA315M', 'KRA235M', 'KRA10N']",Outdoor,True,VERY_GOOD,0,4,Dominacja EV
KRA10H,50.04925,19.95976,4,"['KRA281M', 'KRA146M', 'KRA72M', 'KRA09B', 'KRA16AP']",Indoor,True,VERY_GOOD,1,4,Dominacja EV
KRA10HO,50.01776,19.89313,4,"['KRA19N', 'KRA429M', 'KRA12H', 'KRA356M', 'KRA14MP']",Indoor,True,VERY_GOOD,0,1,Strefa Spalinowa
KRA10M,50.09229,20.0152,4,"['KRA394M', 'KRA143M', 'KRA62N', 'KRA37N', 'KRA206M']",Outdoor,True,GOOD,0,0,Dominacja EV
KRA10MP,50.02168,19.93327,3,"['KRA232M', 'KRA34M', 'KRA296M', 'KRA403M', 'KRA01M']",Outdoor,True,VERY_BAD,0,1,Strefa Spalinowa
KRA10N,50.08219,20.00049,5,"['KRA398M', 'KRA110M', 'KRA08APP', 'KRA235M', 'KRA02MP']",Outdoor,True,VERY_GOOD,1,0,Dominacja EV
KRA110M,50.08185,20.00206,4,"['KRA398M', 'KRA10N', 'KRA08APP', 'KRA235M', 'KRA02MP']",Outdoor,True,VERY_GOOD,1,0,Dominacja EV
KRA111M,50.04209,19.99267,4,"['KRA177M', 'KRA341M', 'KRA46M', 'KRA385M', 'KRA353M']",Outdoor,True,VERY_GOOD,1,2,Strefa Spalinowa
KRA112M,50.08105,19.92072,4,"['KRA262M', 'KRA87M', 'KRA96M', 'KRA70M', 'KRA191M']",Outdoor,True,VERY_GOOD,0,4,Dominacja EV
KRA113M,50.11278,19.89853,4,"['KRA389M', 'KRA58N', 'ZKI08M', 'ZKI03M', 'KRA212M']",Outdoor,True,GOOD,0,3,Strefa Mieszana (Hybrydy)
KRA114M,50.07804,19.89631,4,"['KRA12BAPP', 'KRA190M', 'KRA410M', 'KRA253M', 'KRA139M']",Outdoor,True,GOOD,0,3,Strefa Mieszana (Hybrydy)
KRA116M,50.01916,19.97726,4,"['KRA52A', 'KRA76M', 'KRA254M', 'KRA264M', 'KRA14BAPP']",Outdoor,True,VERY_GOOD,0,2,Strefa Spalinowa
KRA117M,50.00998,19.96658,4,"['KRA134M', 'KRA291M', 'KRA44A', 'KRA158M', 'KRA254M']",Outdoor,True,VERY_GOOD,0,2,Strefa Spalinowa
KRA118M,50.05184,19.94911,4,"['KRA154M', 'KRA271M', 'KRA152M', 'KRA16H', 'KRA80M']",Outdoor,True,VERY_GOOD,1,4,Dominacja EV
KRA119M,50.01434,19.93163,4,"['KRA547', 'KRA66M', 'KRA100M', 'KRA10MP', 'KRA219M']",Outdoor,True,VERY_GOOD,0,1,Strefa Spalinowa
KRA11A,50.09355,20.02259,3,"['KRA144M', 'KRA260M', 'KRA16BAPP', 'KRA03A', 'KRA14A']",Outdoor,True,GOOD,1,0,Dominacja EV
KRA11AP,50.0447,19.92134,3,"['KRA32A', 'KRA289M', 'KRA390M', 'KRA93M', 'KRA01HO']",Outdoor,True,GOOD,0,1,Strefa Spalinowa
KRA11APP,50.047,19.97394,6,"['KRA72M', 'KRA09B', 'KRA16AP', 'KRA306M', 'KRA61N']",Outdoor,True,VERY_GOOD,0,2,Strefa Spalinowa
KRA11BAPP,50.0801,20.01473,6,"['KRA16M', 'KRA58BAPP', 'KRA37N', 'KRA228M', 'KRA275M']",Outdoor,True,VERY_GOOD,0,0,Dominacja EV
KRA11H,50.04552,19.95681,4,"['KRA146M', 'KRA10H', 'KRA04N', 'KRA09B', 'KRA16AP']",Indoor,True,VERY_GOOD,0,4,Dominacja EV
KRA11HP,50.01214,20.00003,4,"['KRA198M', 'KRA08N', 'KRA284M', 'KRA179M', 'KRA21M']",Indoor,True,VERY_GOOD,0,2,Strefa Spalinowa
KRA11M,50.08727,20.02986,4,"['KRA22BAPP', 'KRA04BM', 'KRA156M', 'KRA78M', 'KRA02BM']",Outdoor,True,VERY_GOOD,0,0,Dominacja EV
KRA11N,50.06552,19.99354,5,"['KRA26M', 'KRA42N', 'KRA18H', 'KRA05APP', 'KRA411M']",Outdoor,True,VERY_GOOD,0,0,Dominacja EV
KRA120M,50.02279,19.90962,4,"['KRA282M', 'KRA46A', 'KRA47A', 'KRA373M', 'KRA14MP']",Outdoor,True,VERY_GOOD,0,1,Strefa Spalinowa
KRA121M,50.01527,19.88895,4,"['KRA10HO', 'KRA429M', 'KRA05M', 'KRA356M', 'KRA208M']",Outdoor,True,VERY_GOOD,0,1,Strefa Spalinowa
KRA122M,50.01771,19.95095,4,"['KRA182M', 'KRA266M', 'KRA85M', 'KRA415M', 'KRA06BAPP']",Outdoor,True,VERY_GOOD,0,1,Strefa Spalinowa
KRA123M,50.06401,19.96983,4,"['KRA06MP', 'KRA164M', 'KRA128M', 'KRA89M', 'KRA171M']",Outdoor,True,VERY_GOOD,0,4,Dominacja EV
KRA124M,49.98117,19.91074,4,"['LIR01MP', 'LIR01M', 'KRA352M', 'KRA97M', 'KRA157M']",Outdoor,True,GOOD,1,1,Strefa Spalinowa
KRA125M,50.01648,20.02795,4,"['KRA178M', 'KRA323M', 'KRA01N', 'KRA17M', 'KRA23APP']",Outdoor,True,VERY_GOOD,0,2,Strefa Spalinowa
KRA126M,50.02437,19.98256,4,"['KRA405M', 'KRA255M', 'KRA07N', 'KRA31BAPP', 'KRA64M']",Outdoor,True,VERY_GOOD,1,2,Strefa Spalinowa
KRA128M,50.0616,19.96239,4,"['KRA89M', 'KRA180M', 'KRA23M', 'KRA240M', 'KRA171M']",Outdoor,True,VERY_GOOD,1,4,Dominacja EV
KRA12AP,50.0905,19.95973,3,"['KRA347M', 'KRA25BAPP', 'KRA49M', 'KRA155M', 'KRA33BAPP']",Outdoor,True,GOOD,0,4,Dominacja EV
KRA12APP,50.09852,19.99856,6,"['KRA07B', 'KRA31N', 'KRA394M', 'KRA143M', 'KRA02MP']",Outdoor,True,VERY_GOOD,0,0,Dominacja EV
KRA12BAPP,50.08042,19.89508,6,"['KRA114M', 'KRA410M', 'KRA190M', 'KRA253M', 'KRA139M']",Outdoor,True,GOOD,0,3,Strefa Mieszana (Hybrydy)
KRA12H,50.02111,19.9026,4,"['KRA19N', 'KRA14MP', 'KRA47A', 'KRA429M', 'KRA120M']",Indoor,True,GOOD,1,1,Strefa Spalinowa
KRA12HP,50.02534,19.96077,4,"['KRA182M', 'KRA85M', 'KRA08A', 'KRA63M', 'KRA222M']",Indoor,True,VERY_GOOD,0,2,Strefa Spalinowa
KRA12M,50.0244,19.99419,4,"['KRA153M', 'KRA430M', 'KRA405M', 'KRA126M', 'KRA60BAPP']",Outdoor,True,VERY_GOOD,0,2,Strefa Spalinowa
KRA12MP,50.00504,19.95065,3,"['KRA246M', 'KRA25M', 'KRA316M', 'KRA51M', 'KRA06BAPP']",Outdoor,True,VERY_GOOD,0,1,Strefa Spalinowa
KRA12N,50.08656,20.01821,5,"['KRA01A', 'KRA206M', 'KRA62N', 'KRA37N', 'KRA58BAPP']",Outdoor,True,VERY_GOOD,1,0,Dominacja EV
KRA130M,50.07142,19.94624,4,"['KRA19A', 'KRA152M', 'KRA01BAPP', 'KRA80M', 'KRA14H']",Outdoor,True,VERY_GOOD,0,4,Dominacja EV
KRA131M,50.06746,19.9498,4,"['KRA103M', 'KRA23M', 'KRA81M', 'KRA15H', 'KRA180M']",Outdoor,True,GOOD,0,4,Dominacja EV
KRA133M,50.01299,19.97948,4,"['KRA321M', 'KRA257M', 'KRA134M', 'KRA218M', 'KRA194M']",Outdoor,True,VERY_GOOD,0,2,Strefa Spalinowa
KRA134M,50.01189,19.97044,4,"['KRA117M', 'KRA44A', 'KRA158M', 'KRA321M', 'KRA254M']",Outdoor,True,VERY_GOOD,0,2,Strefa Spalinowa
KRA136M,50.07337,19.91531,4,"['KRA84M', 'KRA139M', 'KRA07BAPP', 'KRA55M', 'KRA410M']",Outdoor,True,VERY_GOOD,1,3,Strefa Mieszana (Hybrydy)
KRA137M,50.05527,19.92606,4,"['KRA01H', 'KRA280M', 'KRA423M', 'KRA02H', 'KRA09H']",Outdoor,True,VERY_BAD,1,4,Dominacja EV
KRA138M,50.02189,20.01556,4,"['KRA04APP', 'KRA343M', 'KRA387M', 'KRA323M', 'KRA30M']",Outdoor,True,VERY_GOOD,0,2,Strefa Spalinowa
KRA139M,50.07671,19.90401,4,"['KRA410M', 'KRA253M', 'KRA114M', 'KRA168M', 'KRA55M']",Outdoor,True,VERY_GOOD,0,3,Strefa Mieszana (Hybrydy)
KRA13APP,50.06186,19.97291,6,"['KRA06MP', 'KRA128M', 'KRA26M', 'KRA164M', 'KRA89M']",Outdoor,True,VERY_GOOD,0,4,Dominacja EV
KRA13BAPP,50.05022,19.99447,6,"['KRA239M', 'KRA354M', 'KRA04MP', 'KRA322M', 'KRA46M']",Outdoor,True,VERY_GOOD,0,2,Strefa Spalinowa
KRA13H,50.10209,19.95641,4,"['KRA325M', 'KRA60M', 'KRA34BAPP', 'KRA32BAPP', 'KRA69M']",Indoor,True,VERY_GOOD,0,4,Dominacja EV
KRA13M,50.0875,20.02198,4,"['KRA54A', 'KRA02BM', 'KRA297M', 'KRA51N', 'KRA11M']",Outdoor,True,VERY_GOOD,0,0,Dominacja EV
KRA140M,50.06647,20.05952,4,"['KRA15M', 'KRA30BAPP', 'KRA14N', 'KRA161M', 'KRA18M']",Outdoor,True,GOOD,0,0,Dominacja EV
KRA141M,50.06267,20.00956,4,"['KRA30APP', 'KRA04BAPP', 'KRA01AP', 'KRA369M', 'KRA03BAPP']",Outdoor,True,VERY_GOOD,0,0,Dominacja EV
KRA142M,50.08449,19.98387,4,"['KRA07MP', 'KRA332M', 'KRA224M', 'KRA424M', 'KRA02HO']",Outdoor,True,VERY_GOOD,0,4,Dominacja EV
KRA143M,50.09442,20.00826,4,"['KRA31N', 'KRA07B', 'KRA394M', 'KRA12APP', 'KRA02MP']",Outdoor,True,VERY_GOOD,0,0,Dominacja EV
KRA144M,50.09448,20.02332,4,"['KRA260M', 'KRA16BAPP', 'KRA03A', 'KRA14A', 'KRA175M']",Outdoor,True,GOOD,1,0,Dominacja EV
KRA145M,50.00843,19.9589,4,"['KRA25M', 'KRA316M', 'KRA318M', 'KRA355M', 'KRA291M']",Outdoor,True,VERY_GOOD,0,2,Strefa Spalinowa
KRA146M,50.04643,19.9625,4,"['KRA281M', 'KRA10H', 'KRA09B', 'KRA16AP', 'KRA72M']",Outdoor,True,VERY_GOOD,0,4,Dominacja EV
KRA147M,50.08777,19.94239,4,"['KRA419M', 'KRA24APP', 'KRA201M', 'KRA277M', 'KRA03HO']",Outdoor,True,VERY_GOOD,0,4,Dominacja EV
KRA148M,50.09116,19.9206,4,"['KRA40A', 'KRA27BAPP', 'KRA28BAPP', 'KRA203M', 'KRA105M']",Outdoor,True,GOOD,0,4,Dominacja EV
KRA149M,50.07343,19.96795,4,"['KRA151M', 'KRA240M', 'KRA17AP', 'KRA224M', 'KRA46N']",Outdoor,True,VERY_GOOD,1,4,Dominacja EV
KRA14A,50.09049,20.00547,3,"['KRA273M', 'KRA175M', 'KRA22APP', 'KRA39A', 'KRA03A']",Outdoor,True,VERY_GOOD,0,0,Dominacja EV
KRA14APP,50.05469,19.91707,6,"['KRA01H', 'KRA137M', 'KRA280M', 'KRA226M', 'KRA423M']",Outdoor,True,VERY_BAD,0,1,Strefa Spalinowa
KRA14BAPP,50.01455,19.97442,6,"['KRA254M', 'KRA76M', 'KRA56N', 'KRA44A', 'KRA158M']",Outdoor,True,VERY_GOOD,0,2,Strefa Spalinowa
KRA14H,50.06743,19.93883,4,"['KRA09H', 'KRA80M', 'KRA01BAPP', 'KRA16H', 'KRA02H']",Indoor,True,GOOD,0,4,Dominacja EV
KRA14HP,50.03566,19.93461,4,"['KRA01M', 'KRA02G', 'KRA17HP', 'KRA34M', 'KRA02N']",Indoor,True,VERY_GOOD,1,1,Strefa Spalinowa
KRA14M,50.05182,19.9268,4,"['KRA432M', 'KRA93M', 'KRA11AP', 'KRA314M', 'KRA319M']",Outdoor,True,VERY_GOOD,1,1,Strefa Spalinowa
KRA14MP,50.01883,19.90372,3,"['KRA47A', 'KRA12H', 'KRA19N', 'KRA299M', 'KRA120M']",Outdoor,True,VERY_GOOD,0,1,Strefa Spalinowa
KRA14N,50.05984,20.05062,5,"['KRA30BAPP', 'KRA15M', 'KRA342M', 'KRA140M', 'KRA309M']",Outdoor,True,GOOD,0,0,Dominacja EV
KRA150M,50.097,20.02011,4,"['KRA58M', 'KRA234M', 'KRA396M', 'KRA394M', 'KRA399M']",Outdoor,True,GOOD,1,0,Dominacja EV
KRA151M,50.07263,19.96887,4,"['KRA149M', 'KRA240M', 'KRA171M', 'KRA17AP', 'KRA224M']",Outdoor,True,GOOD,1,4,Dominacja EV
KRA152M,50.06923,19.94487,4,"['KRA130M', 'KRA01BAPP', 'KRA19A', 'KRA80M', 'KRA09H']",Outdoor,True,VERY_GOOD,0,4,Dominacja EV
KRA153M,50.0232,19.9996,4,"['KRA12M', 'KRA430M', 'KRA08N', 'KRA387M', 'KRA405M']",Outdoor,True,VERY_GOOD,0,2,Strefa Spalinowa
KRA154M,50.05203,19.95072,4,"['KRA271M', 'KRA152M', 'KRA16H', 'KRA80M', 'KRA19A']",Outdoor,True,VERY_GOOD,1,4,Dominacja EV
KRA155M,50.08452,19.95536,4,"['KRA185M', 'KRA183M', 'KRA347M', 'KRA12AP', 'KRA22M']",Outdoor,True,GOOD,0,4,Dominacja EV
KRA156M,50.08362,20.03365,4,"['KRA02BM', 'KRA286M', 'KRA312M', 'KRA287M', 'KRA51N']",Outdoor,True,GOOD,0,0,Dominacja EV
KRA157M,49.98422,19.89574,4,"['KRA05BAPP', 'KRA304M', 'KRA352M', 'KRA97M', 'KRA124M']",Outdoor,True,VERY_GOOD,0,1,Strefa Spalinowa
KRA158M,50.01538,19.96395,4,"['KRA44A', 'KRA187M', 'KRA56N', 'KRA222M', 'KRA415M']",Outdoor,True,VERY_GOOD,1,2,Strefa Spalinowa
KRA159M,50.02868,19.94852,4,"['KRA08A', 'KRA186M', 'KRA418M', 'KRA17H', 'KRA223M']",Outdoor,True,VERY_GOOD,0,1,Strefa Spalinowa
KRA15A,50.01497,20.02225,3,"['KRA09AP', 'KRA178M', 'KRA17M', 'KRA323M', 'KRA125M']",Outdoor,True,VERY_GOOD,1,2,Strefa Spalinowa
KRA15AP,50.09368,20.02384,3,"['KRA144M', 'KRA260M', 'KRA16BAPP', 'KRA03A', 'KRA14A']",Outdoor,True,GOOD,1,0,Dominacja EV
KRA15APP,50.07732,20.04125,6,"['KRA286M', 'KRA91M', 'KRA161M', 'KRA02BM', 'KRA08H']",Outdoor,True,VERY_GOOD,1,0,Dominacja EV
KRA15BAPP,50.01828,19.92349,6,"['KRA21BAPP', 'KRA365M', 'KRA100M', 'KRA547', 'KRA66M']",Outdoor,True,VERY_GOOD,0,1,Strefa Spalinowa
KRA15H,50.07238,19.95241,4,"['KRA103M', 'KRA81M', 'KRA23M', 'KRA131M', 'KRA240M']",Indoor,True,VERY_GOOD,0,4,Dominacja EV
KRA15HP,50.04443,19.94798,4,"['KRA35M', 'KRA338M', 'KRA17H', 'KRA186M', 'KRA146M']",Indoor,True,GOOD,0,4,Dominacja EV
KRA15M,50.06943,20.05194,4,"['KRA30BAPP', 'KRA140M', 'KRA14N', 'KRA161M', 'KRA18M']",Outdoor,True,VERY_GOOD,0,0,Dominacja EV
KRA15N,50.01565,20.05301,5,"['KRA196M', 'KRA425M', 'KRA01N', 'KRA285M', 'KRA125M']",Outdoor,True,VERY_GOOD,0,2,Strefa Spalinowa
KRA160M,49.99474,19.9461,4,"['KRA303M', 'KRA366M', 'KRA01APP', 'KRA03MP', 'KRA344M']",Outdoor,True,VERY_GOOD,1,1,Strefa Spalinowa
KRA161M,50.08153,20.04798,4,"['KRA15APP', 'KRA287M', 'KRA43A', 'KRA156M', 'KRA22BAPP']",Outdoor,True,VERY_GOOD,0,0,Dominacja EV
KRA163M,50.09783,19.88858,4,"['KRA212M', 'KRA393M', 'KRA28N', 'KRA270M', 'KRA50BAPP']",Outdoor,True,VERY_GOOD,0,3,Strefa Mieszana (Hybrydy)
KRA164M,50.06672,19.97156,4,"['KRA171M', 'KRA05N', 'KRA151M', 'KRA23M', 'KRA240M']",Outdoor,True,VERY_GOOD,1,4,Dominacja EV
KRA165M,50.0435,19.9361,4,"['KRA59M', 'KRA01HO', 'KRA319M', 'KRA314M', 'KRA01M']",Outdoor,True,GOOD,0,1,Strefa Spalinowa
KRA166M,50.03867,19.99652,4,"['KRA422M', 'KRA52M', 'KRA353M', 'KRA111M', 'KRA177M']",Outdoor,True,GOOD,1,2,Strefa Spalinowa
KRA167M,50.00713,20.01279,4,"['KRA233M', 'KRA21M', 'KRA179M', 'KRA384M', 'KRA53N']",Outdoor,True,VERY_GOOD,0,2,Strefa Spalinowa
KRA168M,50.07236,19.90091,4,"['KRA07BAPP', 'KRA84M', 'KRA253M', 'KRA410M', 'KRA05MP']",Outdoor,True,VERY_GOOD,0,3,Strefa Mieszana (Hybrydy)
KRA169M,50.09564,20.05261,4,"['KRA48BAPP', 'KRA09N', 'KRA252M', 'KRA334M', 'KRA174M']",Outdoor,True,GOOD,1,0,Dominacja EV
KRA16A,50.09717,19.97405,3,"['KRA73M', 'KRA295M', 'KRA07AP', 'KRA07MP', 'KRA29BAPP']",Outdoor,True,GOOD,0,4,Dominacja EV
KRA16AP,50.04401,19.96755,3,"['KRA09B', 'KRA72M', 'KRA146M', 'KRA06M', 'KRA04N']",Outdoor,True,VERY_GOOD,1,2,Strefa Spalinowa
KRA16APP,50.0841,19.90302,6,"['KRA191M', 'KRA417M', 'KRA272M', 'KRA01MP', 'KRA397M']",Outdoor,True,VERY_GOOD,0,3,Strefa Mieszana (Hybrydy)
KRA16BAPP,50.09442,20.01603,6,"['KRA144M', 'KRA260M', 'KRA03A', 'KRA175M', 'KRA273M']",Outdoor,True,GOOD,0,0,Dominacja EV
KRA16H,50.06314,19.94183,4,"['KRA80M', 'KRA152M', 'KRA130M', 'KRA01BAPP', 'KRA19A']",Indoor,True,GOOD,0,4,Dominacja EV
KRA16HP,50.05717,19.9653,4,"['KRA128M', 'KRA89M', 'KRA26M', 'KRA06MP', 'KRA164M']",Indoor,True,VERY_GOOD,0,4,Dominacja EV
KRA16M,50.07777,20.01396,4,"['KRA11BAPP', 'KRA228M', 'KRA275M', 'KRA58BAPP', 'KRA235M']",Outdoor,True,VERY_GOOD,0,0,Dominacja EV
KRA16N,50.07284,19.98028,5,"['KRA05APP', 'KRA411M', 'KRA18H', 'KRA409M', 'KRA424M']",Outdoor,True,VERY_GOOD,1,4,Dominacja EV
KRA171M,50.06752,19.96488,4,"['KRA05N', 'KRA240M', 'KRA151M', 'KRA23M', 'KRA149M']",Outdoor,True,VERY_GOOD,0,4,Dominacja EV
KRA173M,50.01602,19.90659,4,"['KRA47A', 'KRA14MP', 'KRA299M', 'KRA12H', 'KRA120M']",Outdoor,True,VERY_GOOD,1,1,Strefa Spalinowa
KRA174M,50.09498,20.06237,4,"['KRA35BAPP', 'KRA169M', 'KRA252M', 'KRA09N', 'KRA48BAPP']",Outdoor,True,VERY_GOOD,0,0,Dominacja EV
KRA175M,50.09357,20.01151,4,"['KRA03A', 'KRA14A', 'KRA273M', 'KRA144M', 'KRA22APP']",Outdoor,True,GOOD,1,0,Dominacja EV
KRA176M,50.07684,20.04111,4,"['KRA15APP', 'KRA286M', 'KRA91M', 'KRA161M', 'KRA02BM']",Outdoor,True,VERY_GOOD,1,0,Dominacja EV
KRA177M,50.04203,19.99324,4,"['KRA111M', 'KRA341M', 'KRA46M', 'KRA385M', 'KRA353M']",Outdoor,True,VERY_GOOD,1,2,Strefa Spalinowa
KRA178M,50.01479,20.02853,4,"['KRA125M', 'KRA17M', 'KRA23APP', 'KRA323M', 'KRA15A']",Outdoor,True,GOOD,0,2,Strefa Spalinowa
KRA179M,50.01316,20.00847,4,"['KRA21M', 'KRA384M', 'KRA167M', 'KRA08N', 'KRA09M']",Outdoor,True,VERY_GOOD,0,2,Strefa Spalinowa
KRA17AP,50.07781,19.96948,3,"['KRA46N', 'KRA224M', 'KRA149M', 'KRA151M', 'KRA240M']",Outdoor,True,VERY_GOOD,0,4,Dominacja EV
KRA17APP,50.04539,19.92918,6,"['KRA319M', 'KRA01HO', 'KRA59M', 'KRA93M', 'KRA11AP']",Outdoor,True,GOOD,0,1,Strefa Spalinowa
KRA17BAPP,50.08098,19.88787,6,"['KRA412M', 'KRA24A', 'KRA190M', 'KRA258M', 'KRA335M']",Outdoor,True,GOOD,0,3,Strefa Mieszana (Hybrydy)
KRA17H,50.04097,19.93959,4,"['KRA186M', 'KRA35M', 'KRA338M', 'KRA159M', 'KRA146M']",Outdoor,True,VERY_GOOD,0,1,Strefa Spalinowa
KRA17HP,50.03569,19.94074,4,"['KRA01M', 'KRA34M', 'KRA165M', 'KRA403M', 'KRA02G']",Indoor,True,VERY_GOOD,0,1,Strefa Spalinowa
KRA17M,50.01526,20.02072,4,"['KRA15A', 'KRA09AP', 'KRA178M', 'KRA323M', 'KRA125M']",Outdoor,True,VERY_GOOD,1,2,Strefa Spalinowa
KRA17N,50.05836,19.94936,5,"['KRA271M', 'KRA154M', 'KRA152M', 'KRA16H', 'KRA80M']",Outdoor,True,VERY_GOOD,0,4,Dominacja EV
KRA180M,50.06637,19.96704,4,"['KRA06MP', 'KRA164M', 'KRA171M', 'KRA05N', 'KRA26M']",Outdoor,True,VERY_GOOD,0,4,Dominacja EV
KRA181M,49.98519,19.98631,4,"['KRA346M', 'GKX01M']",Outdoor,True,VERY_GOOD,0,2,Strefa Spalinowa
KRA182M,50.02089,19.95982,4,"['KRA85M', 'KRA63M', 'KRA222M', 'KRA223M', 'KRA56N']",Outdoor,True,VERY_GOOD,1,2,Strefa Spalinowa
KRA183M,50.08279,19.95268,4,"['KRA185M', 'KRA06H', 'KRA155M', 'KRA383M', 'KRA347M']",Outdoor,True,GOOD,0,4,Dominacja EV
KRA185M,50.08203,19.95463,4,"['KRA183M', 'KRA155M', 'KRA06H', 'KRA383M', 'KRA347M']",Outdoor,True,GOOD,0,4,Dominacja EV
KRA186M,50.03908,19.93879,4,"['KRA17H', 'KRA35M', 'KRA338M', 'KRA159M', 'KRA146M']",Outdoor,True,VERY_GOOD,0,1,Strefa Spalinowa
KRA187M,50.01504,19.95921,4,"['KRA415M', 'KRA222M', 'KRA158M', 'KRA44A', 'KRA25A']",Outdoor,True,VERY_GOOD,0,2,Strefa Spalinowa
KRA188M,50.09411,19.87423,4,"['KRA393M', 'KRA305M', 'KRA212M', 'KRA50BAPP', 'KRA242M']",Outdoor,True,VERY_GOOD,0,3,Strefa Mieszana (Hybrydy)
KRA189M,50.07754,20.02328,4,"['KRA275M', 'KRA312M', 'KRA38A', 'KRA08H', 'KRA228M']",Outdoor,True,VERY_GOOD,0,0,Dominacja EV
KRA18A,50.08927,19.94876,3,"['KRA288M', 'KRA225M', 'KRA349M', 'KRA32BAPP', 'KRA60M']",Outdoor,True,VERY_GOOD,0,4,Dominacja EV
KRA18APP,50.04334,19.92604,6,"['KRA93M', 'KRA32A', 'KRA289M', 'KRA319M', 'KRA01HO']",Outdoor,True,GOOD,0,1,Strefa Spalinowa
KRA18BAPP,50.0556,20.20175,6,"['NIE10M', 'NIE04M']",Outdoor,True,VERY_GOOD,0,0,Dominacja EV
KRA18H,50.07052,19.98083,4,"['KRA164M', 'KRA05APP', 'KRA411M', 'KRA26M', 'KRA424M']",Outdoor,True,VERY_GOOD,0,4,Dominacja EV
KRA18HP,49.9999,19.89698,4,,Indoor,True,VERY_GOOD,1,1,Strefa Spalinowa
KRA18M,50.07023,20.03964,4,"['KRA204M', 'KRA416M', 'KRA15M', 'KRA30BAPP', 'KRA140M']",Outdoor,True,VERY_GOOD,1,0,Dominacja EV
KRA190M,50.0824,19.88786,4,"['KRA114M', 'KRA42BAPP', 'KRA12BAPP', 'KRA410M', 'KRA24A']",Outdoor,True,GOOD,0,3,Strefa Mieszana (Hybrydy)
KRA191M,50.08254,19.90816,4,"['KRA397M', 'KRA16APP', 'KRA417M', 'KRA70M', 'KRA410M']",Outdoor,True,VERY_GOOD,1,3,Strefa Mieszana (Hybrydy)
KRA192M,50.07509,19.9991,4,"['KRA193M', 'KRA10BAPP', 'KRA315M', 'KRA235M', 'KRA10N']",Outdoor,True,VERY_GOOD,1,0,Dominacja EV
KRA193M,50.07466,19.99768,4,"['KRA192M', 'KRA10BAPP', 'KRA315M', 'KRA235M', 'KRA10N']",Outdoor,True,VERY_GOOD,1,0,Dominacja EV
KRA194M,50.00422,19.98392,4,"['KRA03M', 'KRA284M', 'KRA238M', 'KRA291M', 'KRA134M']",Outdoor,True,VERY_GOOD,0,2,Strefa Spalinowa
KRA195M,50.10367,19.94519,4,"['KRA34A', 'KRA247M', 'KRA32BAPP', 'KRA225M', 'KRA325M']",Outdoor,True,GOOD,0,4,Dominacja EV
KRA196M,50.01547,20.0418,4,"['KRA285M', 'KRA01N', 'KRA15N', 'KRA425M', 'KRA125M']",Outdoor,True,VERY_GOOD,0,2,Strefa Spalinowa
KRA197M,50.00655,19.88916,4,"['KRA29A', 'KRA259M', 'KRA106M', 'KRA356M', 'KRA407M']",Outdoor,True,VERY_GOOD,0,1,Strefa Spalinowa
KRA198M,50.0075,20.00152,4,"['KRA21M', 'KRA179M', 'KRA167M', 'KRA08N', 'KRA384M']",Outdoor,True,VERY_GOOD,0,2,Strefa Spalinowa
KRA199M,50.08394,19.99646,4,"['KRA45A', 'KRA10N', 'KRA398M', 'KRA110M', 'KRA02MP']",Outdoor,True,VERY_GOOD,0,0,Dominacja EV
KRA19A,50.06848,19.94674,3,"['KRA130M', 'KRA01BAPP', 'KRA152M', 'KRA80M', 'KRA09H']",Outdoor,True,VERY_GOOD,0,4,Dominacja EV
KRA19AP,50.03058,19.91845,3,"['KRA02N', 'KRA62M', 'KRA02G', 'KRA406M', 'KRA46BAPP']",Outdoor,True,VERY_GOOD,1,1,Strefa Spalinowa
KRA19APP,50.04079,19.99615,6,"['KRA341M', 'KRA111M', 'KRA177M', 'KRA46M', 'KRA385M']",Outdoor,True,GOOD,1,2,Strefa Spalinowa
KRA19H,50.09969,19.95351,4,,Indoor,True,VERY_GOOD,1,4,Dominacja EV
KRA19HP,50.0525,19.94188,4,,Indoor,True,VERY_GOOD,0,4,Dominacja EV
KRA19M,50.08524,19.85185,4,"['KRA294M', 'KRA428M', 'KRA258M', 'KRA42BAPP', 'RASA01BAPP']",Outdoor,True,VERY_GOOD,0,3,Strefa Mieszana (Hybrydy)
KRA19N,50.02087,19.89919,5,"['KRA12H', 'KRA14MP', 'KRA429M', 'KRA47A', 'KRA07APP']",Outdoor,True,VERY_GOOD,0,1,Strefa Spalinowa
KRA200M,50.08627,19.88129,4,"['KRA305M', 'KRA393M', 'KRA188M', 'KRA50BAPP', 'KRA212M']",Outdoor,True,VERY_GOOD,0,3,Strefa Mieszana (Hybrydy)
KRA201M,50.08371,19.94648,4,"['KRA277M', 'KRA24BAPP', 'KRA24APP', 'KRA419M', 'KRA03HO']",Outdoor,True,VERY_GOOD,1,4,Dominacja EV
KRA202M,49.97969,19.94921,4,"['KRA362M', 'WRC01M', 'WRC02BAPP', 'KRA366M', 'KRA344M']",Outdoor,True,VERY_GOOD,0,1,Strefa Spalinowa
KRA203M,50.08767,19.91491,4,"['KRA105M', 'KRA40A', 'KRA70M', 'KRA397M', 'KRA417M']",Outdoor,True,GOOD,1,3,Strefa Mieszana (Hybrydy)
KRA204M,50.0704,20.04097,4,['KRA18M'],Outdoor,True,VERY_GOOD,1,0,Dominacja EV
KRA205M,50.05128,20.12835,4,['KRA364M'],Outdoor,True,VERY_GOOD,0,0,Dominacja EV
KRA206M,50.08704,20.0149,4,"['KRA62N', 'KRA12N', 'KRA37N', 'KRA01A', 'KRA58BAPP']",Outdoor,True,VERY_GOOD,0,0,Dominacja EV
KRA207M,50.07458,19.90132,4,"['KRA168M', 'KRA253M', 'KRA410M', 'KRA07BAPP', 'KRA114M']",Outdoor,True,VERY_GOOD,0,3,Strefa Mieszana (Hybrydy)
KRA208M,50.01644,19.88116,4,"['KRA05M', 'KRA20M', 'KRA10HO', 'KRA54M', 'KRA407M']",Outdoor,True,VERY_GOOD,0,1,Strefa Spalinowa
KRA209M,50.08418,19.92727,4,"['KRA20BAPP', 'KRA96M', 'KRA269M', 'KRA03HO', 'KRA95M']",Outdoor,True,VERY_GOOD,0,4,Dominacja EV
KRA20A,50.01133,19.9754,3,"['KRA321M', 'KRA134M', 'KRA257M', 'KRA117M', 'KRA44A']",Outdoor,True,VERY_GOOD,1,2,Strefa Spalinowa
KRA20APP,50.03086,20.04062,6,"['KRA52BAPP', 'KRA309M', 'KRA359M', 'KRA68M', 'KRA49BAPP']",Outdoor,True,VERY_GOOD,0,0,Dominacja EV
KRA20BAPP,50.08579,19.92675,6,"['KRA209M', 'KRA96M', 'KRA269M', 'KRA408M', 'KRA27BAPP']",Outdoor,True,VERY_GOOD,0,4,Dominacja EV
KRA20HP,50.08216,20.01668,4,,Indoor,True,VERY_GOOD,1,0,Dominacja EV
KRA20M,50.01906,19.87524,4,"['KRA208M', 'KRA02APP', 'KRA05M', 'KRA106M', 'KRA407M']",Outdoor,True,VERY_GOOD,0,1,Strefa Spalinowa
KRA20N,50.04903,19.98797,5,"['KRA322M', 'KRA46M', 'KRA306M', 'KRA07M', 'KRA111M']",Outdoor,True,VERY_GOOD,0,2,Strefa Spalinowa
KRA210M,50.0942,19.93346,4,"['KRA375M', 'KRA367M', 'KRA290M', 'KRA427M', 'KRA217M']",Outdoor,True,VERY_GOOD,0,4,Dominacja EV
KRA211M,50.03541,19.8202,4,"['KRA28A', 'KRA214M']",Outdoor,True,VERY_GOOD,0,3,Strefa Mieszana (Hybrydy)
KRA212M,50.10018,19.88424,4,"['KRA163M', 'KRA393M', 'KRA28N', 'KRA270M', 'KRA50BAPP']",Outdoor,True,VERY_GOOD,0,3,Strefa Mieszana (Hybrydy)
KRA213M,50.02742,19.92958,4,"['KRA236M', 'KRA231M', 'KRA34M', 'KRA403M', 'KRA406M']",Outdoor,True,VERY_GOOD,1,1,Strefa Spalinowa
KRA214M,50.04399,19.82761,4,"['KRA28A', 'KRA211M']",Outdoor,True,GOOD,0,3,Strefa Mieszana (Hybrydy)
KRA216M,50.06982,20.01221,4,"['KRA04BAPP', 'KRA01AP', 'KRA03BAPP', 'KRA42N', 'KRA30APP']",Outdoor,True,GOOD,1,0,Dominacja EV
KRA217M,50.0945,19.92615,4,"['KRA290M', 'KRA427M', 'KRA148M', 'KRA27BAPP', 'KRA28BAPP']",Outdoor,True,VERY_GOOD,0,4,Dominacja EV
KRA218M,50.0168,19.99104,4,"['KRA60BAPP', 'KRA257M', 'KRA74M', 'KRA08N', 'KRA321M']",Outdoor,True,VERY_BAD,1,2,Strefa Spalinowa
KRA219M,50.01128,19.92601,4,"['KRA66M', 'KRA267M', 'KRA119M', 'KRA100M', 'KRA10MP']",Outdoor,True,VERY_GOOD,1,1,Strefa Spalinowa
KRA21A,50.06525,19.87727,3,"['KRA24A', 'KRA412M', 'KRA258M', 'KRA42BAPP', 'KRA17BAPP']",Outdoor,True,VERY_GOOD,0,3,Strefa Mieszana (Hybrydy)
KRA21APP,50.04503,20.00058,6,"['KRA111M', 'KRA177M', 'KRA341M', 'KRA46M', 'KRA322M']",Outdoor,True,VERY_GOOD,0,2,Strefa Spalinowa
KRA21BAPP,50.01372,19.92029,6,"['KRA237M', 'KRA365M', 'KRA100M', 'KRA547', 'KRA66M']",Outdoor,True,VERY_GOOD,0,1,Strefa Spalinowa
KRA21HP,50.06677,19.92209,4,,Indoor,True,VERY_GOOD,0,4,Dominacja EV
KRA21M,50.01136,20.01126,4,"['KRA179M', 'KRA384M', 'KRA167M', 'KRA09M', 'KRA54BAPP']",Outdoor,True,VERY_GOOD,0,2,Strefa Spalinowa
KRA220M,50.06771,19.84742,4,"['KRA391M', 'KRA38BAPP', 'KRA428M', 'KRA294M', 'KRA19M']",Outdoor,True,GOOD,1,3,Strefa Mieszana (Hybrydy)
KRA221M,50.02141,19.95524,4,"['KRA182M', 'KRA122M', 'KRA85M', 'KRA63M', 'KRA222M']",Outdoor,True,VERY_GOOD,0,2,Strefa Spalinowa
KRA222M,50.01714,19.95957,4,"['KRA187M', 'KRA85M', 'KRA415M', 'KRA182M', 'KRA158M']",Outdoor,True,VERY_GOOD,0,2,Strefa Spalinowa
KRA223M,50.02381,19.96328,4,"['KRA63M', 'KRA08A', 'KRA182M', 'KRA418M', 'KRA85M']",Outdoor,True,VERY_GOOD,0,2,Strefa Spalinowa
KRA224M,50.07927,19.97116,4,"['KRA46N', 'KRA17AP', 'KRA149M', 'KRA332M', 'KRA151M']",Outdoor,True,VERY_GOOD,1,4,Dominacja EV
KRA225M,50.09067,19.94369,4,"['KRA18A', 'KRA419M', 'KRA288M', 'KRA247M', 'KRA24APP']",Outdoor,True,GOOD,0,4,Dominacja EV
KRA226M,50.04722,19.8995,4,"['KRA280M', 'KRA27N', 'KRA423M']",Outdoor,True,VERY_GOOD,0,3,Strefa Mieszana (Hybrydy)
KRA227M,50.09313,19.99494,4,"['KRA39A', 'KRA301M', 'KRA274M', 'KRA73M', 'KRA31A']",Outdoor,True,VERY_GOOD,0,0,Dominacja EV
KRA228M,50.07486,20.01218,4,"['KRA193M', 'KRA235M', 'KRA315M', 'KRA192M', 'KRA10N']",Outdoor,True,VERY_GOOD,0,0,Dominacja EV
KRA229M,49.99872,19.8968,4,"['KRA33M', 'KRA04H', 'KRA29A', 'KRA197M', 'KRA259M']",Outdoor,True,VERY_GOOD,1,1,Strefa Spalinowa
KRA22APP,50.08913,20.00399,6,"['KRA14A', 'KRA273M', 'KRA175M', 'KRA39A', 'KRA301M']",Outdoor,True,VERY_GOOD,0,0,Dominacja EV
KRA22BAPP,50.08625,20.03139,6,"['KRA11M', 'KRA156M', 'KRA04BM', 'KRA287M', 'KRA02BM']",Outdoor,True,VERY_GOOD,0,0,Dominacja EV
KRA22HP,50.0815,19.97475,4,,Indoor,True,VERY_GOOD,0,4,Dominacja EV
KRA22M,50.08461,19.96237,4,"['KRA07MP', 'KRA332M', 'KRA07AP', 'KRA46N', 'KRA224M']",Outdoor,True,GOOD,1,4,Dominacja EV
KRA230M,50.06522,19.86614,4,"['KRA220M', 'KRA391M', 'KRA27N', 'KRA412M', 'KRA258M']",Outdoor,True,VERY_GOOD,0,3,Strefa Mieszana (Hybrydy)
KRA231M,50.02366,19.93093,4,"['KRA236M', 'KRA213M', 'KRA34M', 'KRA403M', 'KRA406M']",Outdoor,True,VERY_GOOD,0,1,Strefa Spalinowa
KRA232M,50.02169,19.9379,4,"['KRA10MP', 'KRA296M', 'KRA34M', 'KRA403M', 'KRA01M']",Outdoor,True,VERY_BAD,0,1,Strefa Spalinowa
KRA233M,50.00527,20.0069,4,"['KRA167M', 'KRA21M', 'KRA179M', 'KRA03M', 'KRA384M']",Outdoor,True,VERY_GOOD,0,2,Strefa Spalinowa
KRA234M,50.09846,20.025,4,"['KRA150M', 'KRA58M', 'KRA396M', 'KRA394M', 'KRA11M']",Outdoor,True,GOOD,0,0,Dominacja EV
KRA235M,50.07555,20.00581,4,"['KRA08APP', 'KRA228M', 'KRA275M', 'KRA110M', 'KRA16M']",Outdoor,True,VERY_GOOD,0,0,Dominacja EV
KRA236M,50.02626,19.93038,4,"['KRA213M', 'KRA231M', 'KRA34M', 'KRA403M', 'KRA406M']",Outdoor,True,VERY_GOOD,1,1,Strefa Spalinowa
KRA237M,50.01116,19.90828,4,"['KRA251M', 'KRA29A', 'KRA21BAPP', 'KRA197M', 'KRA259M']",Outdoor,True,VERY_GOOD,0,1,Strefa Spalinowa
KRA238M,49.99439,19.98898,4,"['KRA194M', 'KRA03M', 'KRA284M', 'KRA291M', 'KRA233M']",Outdoor,True,VERY_GOOD,0,2,Strefa Spalinowa
KRA239M,50.05165,19.98964,4,"['KRA13BAPP', 'KRA354M', 'KRA04MP', 'KRA322M', 'KRA46M']",Outdoor,True,VERY_GOOD,0,2,Strefa Spalinowa
KRA23A,50.08448,19.93652,3,"['KRA03HO', 'KRA95M', 'KRA24APP', 'KRA269M', 'KRA419M']",Outdoor,True,VERY_GOOD,1,4,Dominacja EV
KRA23APP,50.01183,20.02793,6,"['KRA03APP', 'KRA178M', 'KRA53N', 'KRA125M', 'KRA285M']",Outdoor,True,GOOD,0,2,Strefa Spalinowa
KRA23BAPP,50.08747,20.02697,6,"['KRA04BM', 'KRA11M', 'KRA22BAPP', 'KRA78M', 'KRA02BM']",Outdoor,True,VERY_GOOD,1,0,Dominacja EV
KRA23H,50.0624,19.9436,4,,Indoor,True,GOOD,0,4,Dominacja EV
KRA23HP,50.03063,19.91863,4,,Indoor,True,VERY_GOOD,1,1,Strefa Spalinowa
KRA23M,50.06659,19.95742,4,"['KRA131M', 'KRA180M', 'KRA89M', 'KRA128M', 'KRA103M']",Outdoor,True,VERY_GOOD,0,4,Dominacja EV
KRA23N,50.02922,19.91273,5,"['KRA372M', 'KRA26A', 'KRA62M', 'KRA46A', 'KRA282M']",Outdoor,True,GOOD,0,1,Strefa Spalinowa
KRA240M,50.069904,19.9625,4,"['KRA149M', 'KRA171M', 'KRA151M', 'KRA23M', 'KRA05N']",Outdoor,True,VERY_GOOD,0,4,Dominacja EV
KRA241M,50.0319,19.89669,4,"['KRA382M', 'KRA67M', 'KRA44BAPP', 'KRA372M', 'KRA26A']",Outdoor,True,VERY_GOOD,0,1,Strefa Spalinowa
KRA242M,50.08776,19.89805,4,"['KRA272M', 'KRA01MP', 'KRA16APP', 'KRA191M', 'KRA417M']",Outdoor,True,VERY_GOOD,0,3,Strefa Mieszana (Hybrydy)
KRA243M,50.09591,19.90447,4,"['KRA270M', 'KRA104M', 'KRA71M', 'KRA163M', 'KRA212M']",Outdoor,True,VERY_GOOD,0,3,Strefa Mieszana (Hybrydy)
KRA244M,50.09391,19.99003,4,"['KRA227M', 'KRA39A', 'KRA301M', 'KRA73M', 'KRA274M']",Outdoor,True,VERY_GOOD,1,4,Dominacja EV
KRA245M,50.03912,19.927,4,"['KRA32A', 'KRA289M', 'KRA390M', 'KRA11AP', 'KRA01HO']",Outdoor,True,GOOD,0,1,Strefa Spalinowa
KRA246M,50.00623,19.94729,4,"['KRA12MP', 'KRA25M', 'KRA316M', 'KRA06BAPP', 'KRA51M']",Outdoor,True,VERY_GOOD,1,1,Strefa Spalinowa
KRA247M,50.09656,19.94759,4,"['KRA32BAPP', 'KRA60M', 'KRA225M', 'KRA34A', 'KRA195M']",Outdoor,True,GOOD,0,4,Dominacja EV
KRA249M,50.02634,19.91758,4,"['KRA46BAPP', 'KRA62M', 'KRA23N', 'KRA372M', 'KRA46A']",Outdoor,True,VERY_GOOD,0,1,Strefa Spalinowa
KRA24A,50.08137,19.8825,3,"['KRA42BAPP', 'KRA190M', 'KRA305M', 'KRA258M', 'KRA412M']",Outdoor,True,VERY_GOOD,0,3,Strefa Mieszana (Hybrydy)
KRA24APP,50.0867,19.93763,6,"['KRA419M', 'KRA03HO', 'KRA95M', 'KRA269M', 'KRA24BAPP']",Outdoor,True,VERY_GOOD,0,4,Dominacja EV
KRA24BAPP,50.08512,19.94228,6,"['KRA277M', 'KRA201M', 'KRA24APP', 'KRA419M', 'KRA03HO']",Outdoor,True,VERY_GOOD,0,4,Dominacja EV
KRA24HP,50.07406,19.93513,4,,Indoor,True,VERY_GOOD,0,4,Dominacja EV
KRA24M,50.07554,19.91944,4,"['KRA112M', 'KRA262M', 'KRA87M', 'KRA96M', 'KRA70M']",Outdoor,True,VERY_GOOD,0,4,Dominacja EV
KRA250M,50.0805,19.92341,4,"['KRA112M', 'KRA262M', 'KRA96M', 'KRA87M', 'KRA209M']",Outdoor,True,VERY_GOOD,0,4,Dominacja EV
KRA251M,50.01215,19.90499,4,"['KRA259M', 'KRA237M', 'KRA29A', 'KRA429M', 'KRA47A']",Outdoor,True,VERY_GOOD,0,1,Strefa Spalinowa
KRA252M,50.09139,20.05652,4,"['KRA48BAPP', 'KRA169M', 'KRA09N', 'KRA174M', 'KRA35BAPP']",Outdoor,True,VERY_GOOD,0,0,Dominacja EV
KRA253M,50.07563,19.89861,4,"['KRA114M', 'KRA410M', 'KRA12BAPP', 'KRA168M', 'KRA190M']",Outdoor,True,GOOD,0,3,Strefa Mieszana (Hybrydy)
KRA254M,50.01557,19.97004,4,"['KRA44A', 'KRA158M', 'KRA134M', 'KRA117M', 'KRA47BAPP']",Outdoor,True,VERY_GOOD,0,2,Strefa Spalinowa
KRA255M,50.02289,19.98128,4,"['KRA64M', 'KRA116M', 'KRA74M', 'KRA52A', 'KRA126M']",Outdoor,True,VERY_GOOD,0,2,Strefa Spalinowa
KRA256M,50.04191,20.00277,4,"['KRA21APP', 'KRA111M', 'KRA177M', 'KRA341M', 'KRA353M']",Outdoor,True,VERY_GOOD,0,2,Strefa Spalinowa
KRA258M,50.07956,19.87153,4,"['KRA42BAPP', 'KRA24A', 'KRA412M', 'KRA294M', 'KRA190M']",Outdoor,True,VERY_GOOD,0,3,Strefa Mieszana (Hybrydy)
KRA259M,50.0105,19.89779,4,"['KRA251M', 'KRA197M', 'KRA29A', 'KRA429M', 'KRA47A']",Outdoor,True,VERY_GOOD,0,1,Strefa Spalinowa
KRA25A,50.01105,19.96271,3,"['KRA415M', 'KRA47BAPP', 'KRA187M', 'KRA44A', 'KRA158M']",Outdoor,True,VERY_GOOD,0,2,Strefa Spalinowa
KRA25APP,50.09869,19.99478,6,"['KRA12APP', 'KRA07B', 'KRA31N', 'KRA394M', 'KRA143M']",Outdoor,True,VERY_GOOD,0,0,Dominacja EV
KRA25BAPP,50.09715,19.96388,6,"['KRA49M', 'KRA29BAPP', 'KRA347M', 'KRA12AP', 'KRA155M']",Outdoor,True,GOOD,1,4,Dominacja EV
KRA25H,50.04491,19.95065,4,,Indoor,True,VERY_GOOD,0,4,Dominacja EV
KRA25M,50.00852,19.9533,4,"['KRA316M', 'KRA246M', 'KRA12MP', 'KRA06BAPP', 'KRA355M']",Outdoor,True,VERY_GOOD,0,2,Strefa Spalinowa
KRA260M,50.09366,20.02617,4,"['KRA144M', 'KRA16BAPP', 'KRA03A', 'KRA14A', 'KRA175M']",Outdoor,True,VERY_GOOD,0,0,Dominacja EV
KRA261M,50.01831,20.00524,4,"['KRA387M', 'KRA09M', 'KRA08N', 'KRA138M', 'KRA179M']",Outdoor,True,VERY_GOOD,0,2,Strefa Spalinowa
KRA262M,50.07673,19.92777,4,"['KRA87M', 'KRA112M', 'KRA96M', 'KRA265M', 'KRA09H']",Outdoor,True,VERY_GOOD,1,4,Dominacja EV
KRA263M,50.01552,19.87435,4,"['KRA20M', 'KRA208M', 'KRA02APP', 'KRA05M', 'KRA106M']",Outdoor,True,VERY_GOOD,0,1,Strefa Spalinowa
KRA264M,50.02131,19.96973,4,"['KRA268M', 'KRA45BAPP', 'KRA63M', 'KRA223M', 'KRA52A']",Outdoor,True,VERY_GOOD,0,2,Strefa Spalinowa
KRA265M,50.07728,19.93714,4,"['KRA09H', 'KRA262M', 'KRA03HO', 'KRA01BAPP', 'KRA14H']",Outdoor,True,VERY_GOOD,0,4,Dominacja EV
KRA266M,50.01555,19.94575,4,"['KRA122M', 'KRA182M', 'KRA85M', 'KRA159M', 'KRA06BAPP']",Outdoor,True,VERY_GOOD,0,1,Strefa Spalinowa
KRA267M,50.00543,19.92487,4,"['KRA350M', 'KRA66M', 'KRA219M', 'KRA119M', 'KRA100M']",Outdoor,True,VERY_GOOD,0,1,Strefa Spalinowa
KRA268M,50.02058,19.9676,4,"['KRA264M', 'KRA45BAPP', 'KRA63M', 'KRA223M', 'KRA52A']",Outdoor,True,VERY_GOOD,0,2,Strefa Spalinowa
KRA269M,50.08482,19.93084,4,"['KRA209M', 'KRA03HO', 'KRA20BAPP', 'KRA95M', 'KRA96M']",Outdoor,True,VERY_GOOD,0,4,Dominacja EV
KRA26A,50.0298,19.91078,3,"['KRA372M', 'KRA23N', 'KRA62M', 'KRA46A', 'KRA32APP']",Outdoor,True,GOOD,0,1,Strefa Spalinowa
KRA26BAPP,50.08989,19.92851,6,"['KRA408M', 'KRA28BAPP', 'KRA27BAPP', 'KRA269M', 'KRA419M']",Outdoor,True,GOOD,1,4,Dominacja EV
KRA26M,50.0615,19.97959,4,"['KRA128M', 'KRA06MP', 'KRA89M', 'KRA180M', 'KRA164M']",Outdoor,True,VERY_GOOD,0,4,Dominacja EV
KRA270M,50.09271,19.90145,4,"['KRA71M', 'KRA28N', 'KRA163M', 'KRA50BAPP', 'KRA104M']",Outdoor,True,VERY_GOOD,0,3,Strefa Mieszana (Hybrydy)
KRA271M,50.05411,19.95688,4,"['KRA154M', 'KRA152M', 'KRA16H', 'KRA80M', 'KRA19A']",Outdoor,True,VERY_GOOD,1,4,Dominacja EV
KRA272M,50.08639,19.89455,4,"['KRA01MP', 'KRA16APP', 'KRA191M', 'KRA417M', 'KRA397M']",Outdoor,True,VERY_GOOD,1,3,Strefa Mieszana (Hybrydy)
KRA273M,50.09149,20.00207,4,"['KRA14A', 'KRA274M', 'KRA175M', 'KRA22APP', 'KRA03A']",Outdoor,True,VERY_GOOD,0,0,Dominacja EV
KRA274M,50.09362,20.00148,4,"['KRA273M', 'KRA14A', 'KRA175M', 'KRA03A', 'KRA227M']",Outdoor,True,VERY_GOOD,0,0,Dominacja EV
KRA275M,50.07614,20.01483,4,"['KRA228M', 'KRA16M', 'KRA11BAPP', 'KRA235M', 'KRA58BAPP']",Outdoor,True,VERY_GOOD,0,0,Dominacja EV
KRA276M,50.06906,20.16691,4,['KRA364M'],Outdoor,True,VERY_GOOD,0,0,Dominacja EV
KRA277M,50.0839,19.94541,4,"['KRA201M', 'KRA24BAPP', 'KRA24APP', 'KRA419M', 'KRA03HO']",Outdoor,True,VERY_GOOD,1,4,Dominacja EV
KRA278M,50.11827,19.9415,4,"['ZKI02MP', 'KRA195M', 'KRA34A', 'BBC04M', 'KRA34BAPP']",Outdoor,True,GOOD,0,4,Dominacja EV
KRA279M,50.07896,19.88491,4,"['KRA24A', 'KRA42BAPP', 'KRA258M', 'KRA190M', 'KRA412M']",Outdoor,True,GOOD,0,3,Strefa Mieszana (Hybrydy)
KRA27A,50.06953,19.90591,3,"['KRA07BAPP', 'KRA05MP', 'KRA41A', 'KRA168M', 'KRA84M']",Outdoor,True,VERY_GOOD,1,3,Strefa Mieszana (Hybrydy)
KRA27BAPP,50.08942,19.92336,6,"['KRA408M', 'KRA148M', 'KRA28BAPP', 'KRA40A', 'KRA26BAPP']",Outdoor,True,GOOD,0,4,Dominacja EV
KRA27N,50.04763,19.87164,5,['KRA226M'],Outdoor,True,VERY_GOOD,0,3,Strefa Mieszana (Hybrydy)
KRA280M,50.0512,19.90786,4,"['KRA226M', 'KRA01H', 'KRA137M', 'KRA423M', 'KRA41A']",Outdoor,True,VERY_GOOD,0,3,Strefa Mieszana (Hybrydy)
KRA281M,50.04848,19.96015,4,"['KRA10H', 'KRA146M', 'KRA72M', 'KRA04N', 'KRA90M']",Outdoor,True,VERY_GOOD,1,4,Dominacja EV
KRA282M,50.02412,19.91062,4,"['KRA120M', 'KRA46A', 'KRA47A', 'KRA373M', 'KRA14MP']",Outdoor,True,GOOD,0,1,Strefa Spalinowa
KRA284M,50.00612,19.99106,4,"['KRA03M', 'KRA194M', 'KRA198M', 'KRA238M', 'KRA233M']",Outdoor,True,VERY_GOOD,0,2,Strefa Spalinowa
KRA285M,50.01417,20.03683,4,"['KRA196M', 'KRA01N', 'KRA23APP', 'KRA125M', 'KRA323M']",Outdoor,True,GOOD,0,2,Strefa Spalinowa
KRA286M,50.07953,20.0324,4,"['KRA91M', 'KRA08H', 'KRA02BM', 'KRA312M', 'KRA156M']",Outdoor,True,VERY_GOOD,0,0,Dominacja EV
KRA287M,50.08534,20.0403,4,"['KRA43A', 'KRA156M', 'KRA22BAPP', 'KRA02BM', 'KRA11M']",Outdoor,True,VERY_GOOD,1,0,Dominacja EV
KRA288M,50.09069,19.95092,4,"['KRA18A', 'KRA349M', 'KRA225M', 'KRA32BAPP', 'KRA60M']",Outdoor,True,VERY_GOOD,0,4,Dominacja EV
KRA289M,50.04011,19.92169,4,"['KRA32A', 'KRA390M', 'KRA245M', 'KRA11AP', 'KRA02G']",Outdoor,True,VERY_GOOD,0,1,Strefa Spalinowa
KRA28A,50.04331,19.82019,3,"['KRA214M', 'KRA211M']",Outdoor,True,GOOD,0,3,Strefa Mieszana (Hybrydy)
KRA28APP,49.99614,19.95934,6,"['KRA03MP', 'KRA160M', 'KRA303M', 'KRA366M', 'KRA01APP']",Outdoor,True,VERY_GOOD,0,2,Strefa Spalinowa
KRA28BAPP,50.09091,19.92609,6,"['KRA26BAPP', 'KRA148M', 'KRA27BAPP', 'KRA408M', 'KRA41N']",Outdoor,True,GOOD,0,4,Dominacja EV
KRA28M,50.03338,19.96941,4,"['KRA88M', 'KRA09APP', 'KRA31BAPP', 'KRA04N', 'KRA90M']",Outdoor,True,VERY_GOOD,1,2,Strefa Spalinowa
KRA28N,50.09274,19.8954,5,"['KRA270M', 'KRA393M', 'KRA71M', 'KRA50BAPP', 'KRA163M']",Outdoor,True,VERY_GOOD,0,3,Strefa Mieszana (Hybrydy)
KRA290M,50.09676,19.9315,4,"['KRA427M', 'KRA217M', 'KRA367M', 'KRA375M', 'KRA148M']",Outdoor,True,VERY_GOOD,1,4,Dominacja EV
KRA291M,50.00652,19.96998,4,"['KRA117M', 'KRA355M', 'KRA134M', 'KRA194M', 'KRA321M']",Outdoor,True,VERY_GOOD,0,2,Strefa Spalinowa
KRA292M,50.02469,19.94177,4,"['KRA296M', 'KRA403M', 'KRA34M', 'KRA232M', 'KRA01M']",Outdoor,True,VERY_GOOD,0,1,Strefa Spalinowa
KRA293M,50.08588,20.05807,4,"['KRA252M', 'KRA48BAPP', 'PNET0909', 'KRA169M', 'KRA09N']",Outdoor,True,VERY_GOOD,0,0,Dominacja EV
KRA294M,50.0822,19.85352,4,"['KRA19M', 'KRA428M', 'KRA258M', 'KRA42BAPP', 'RASA01BAPP']",Outdoor,True,VERY_GOOD,0,3,Strefa Mieszana (Hybrydy)
KRA295M,50.08775,19.9716,4,"['KRA33BAPP', 'KRA07MP', 'KRA347M', 'KRA332M', 'KRA07AP']",Outdoor,True,VERY_GOOD,0,4,Dominacja EV
KRA296M,50.02077,19.94272,4,"['KRA232M', 'KRA403M', 'KRA10MP', 'KRA34M', 'KRA01M']",Outdoor,True,VERY_BAD,0,1,Strefa Spalinowa
KRA297M,50.0844,20.02191,4,"['KRA54A', 'KRA51N', 'KRA392M', 'KRA312M', 'KRA48N']",Outdoor,True,VERY_GOOD,0,0,Dominacja EV
KRA298M,50.06781,19.97669,4,"['KRA164M', 'KRA171M']",Outdoor,True,VERY_GOOD,1,4,Dominacja EV
KRA299M,50.02004,19.91132,4,"['KRA47A', 'KRA14MP', 'KRA35N', 'KRA173M', 'KRA12H']",Outdoor,True,VERY_GOOD,0,1,Strefa Spalinowa
KRA29A,50.00606,19.89757,3,"['KRA197M', 'KRA259M', 'KRA33M', 'KRA229M', 'KRA237M']",Outdoor,True,VERY_GOOD,1,1,Strefa Spalinowa
KRA29BAPP,50.10132,19.96535,6,"['KRA49M', 'KRA25BAPP', 'KRA16A', 'KRA73M', 'KRA347M']",Outdoor,True,GOOD,0,4,Dominacja EV
KRA29M,50.02254,20.05076,4,"['KRA68M', 'KRA52BAPP', 'KRA359M', 'KRA357M', 'KRA20APP']",Outdoor,True,VERY_GOOD,0,0,Dominacja EV
KRA300M,50.02829,19.94572,4,"['KRA159M', 'KRA08A', 'KRA418M', 'KRA223M', 'KRA182M']",Outdoor,True,VERY_GOOD,0,1,Strefa Spalinowa
KRA301M,50.08959,19.99084,4,"['KRA39A', 'KRA227M', 'KRA73M', 'KRA274M', 'KRA02HO']",Outdoor,True,VERY_GOOD,0,4,Dominacja EV
KRA302M,49.99686,19.90033,4,"['KRA04H', 'KRA33M', 'KRA229M', 'KRA29A', 'KRA237M']",Outdoor,True,VERY_GOOD,1,1,Strefa Spalinowa
KRA303M,49.99428,19.94258,4,"['KRA366M', 'KRA01APP', 'KRA03MP', 'KRA160M', 'KRA344M']",Outdoor,True,VERY_GOOD,0,1,Strefa Spalinowa
KRA304M,49.98074,19.87438,4,"['KRA370M', 'KRA336M', 'KRA05BAPP', 'KRA33A', 'KRA157M']",Outdoor,True,VERY_GOOD,0,1,Strefa Spalinowa
KRA305M,50.08341,19.88467,4,"['KRA393M', 'KRA188M', 'KRA50BAPP', 'KRA212M', 'KRA242M']",Outdoor,True,VERY_GOOD,0,3,Strefa Mieszana (Hybrydy)
KRA306M,50.04423,19.97893,4,"['KRA322M', 'KRA46M', 'KRA20N', 'KRA07M', 'KRA111M']",Outdoor,True,VERY_GOOD,0,2,Strefa Spalinowa
KRA307M,50.03452,19.93481,4,"['KRA01M', 'KRA17HP', 'KRA34M', 'KRA02G', 'KRA02N']",Outdoor,True,VERY_GOOD,1,1,Strefa Spalinowa
KRA308M,50.09598,20.11788,4,['KRA49N'],Outdoor,True,VERY_GOOD,0,0,Dominacja EV
KRA309M,50.04522,20.04649,4,"['KRA215M', 'KRA107M', 'KRA342M', 'KRA61M', 'KRA20APP']",Outdoor,True,GOOD,0,0,Dominacja EV
KRA30A,50.07312,19.9159,3,"['KRA84M', 'KRA112M', 'KRA02H', 'KRA262M', 'KRA139M']",Outdoor,True,VERY_GOOD,1,3,Strefa Mieszana (Hybrydy)
KRA30APP,50.06173,20.00681,6,"['KRA369M', 'KRA42N', 'KRA03BAPP', 'KRA04BAPP', 'KRA04MP']",Outdoor,True,VERY_GOOD,0,0,Dominacja EV
KRA30BAPP,50.06634,20.0526,6,"['KRA15M', 'KRA14N', 'KRA140M', 'KRA342M', 'KRA161M']",Outdoor,True,GOOD,0,0,Dominacja EV
KRA30M,50.01714,20.01537,4,"['KRA343M', 'KRA04APP']",Outdoor,True,GOOD,0,2,Strefa Spalinowa
KRA311M,50.06203,20.0178,4,"['KRA39BAPP', 'KRA361M', 'KRA03BAPP', 'KRA04BAPP', 'KRA01AP']",Outdoor,True,VERY_GOOD,0,0,Dominacja EV
KRA312M,50.07885,20.02753,4,"['KRA08H', 'KRA91M', 'KRA286M', 'KRA51N', 'KRA189M']",Outdoor,True,VERY_GOOD,0,0,Dominacja EV
KRA313M,50.01801,19.98548,4,"['KRA60BAPP', 'KRA74M', 'KRA218M', 'KRA430M', 'KRA116M']",Outdoor,True,VERY_BAD,0,2,Strefa Spalinowa
KRA314M,50.05294,19.9297,4,"['KRA432M', 'KRA319M', 'KRA93M', 'KRA11AP', 'KRA59M']",Outdoor,True,VERY_GOOD,0,4,Dominacja EV
KRA315M,50.07377,20.00966,4,"['KRA38A', 'KRA329M', 'KRA02AP', 'KRA275M', 'KRA228M']",Outdoor,True,VERY_GOOD,0,0,Dominacja EV
KRA316M,50.01,19.95173,4,"['KRA25M', 'KRA246M', 'KRA12MP', 'KRA06BAPP', 'KRA266M']",Outdoor,True,VERY_GOOD,0,1,Strefa Spalinowa
KRA317M,50.06666,20.00665,4,"['KRA04BAPP', 'KRA01AP', 'KRA216M', 'KRA30APP', 'KRA03BAPP']",Outdoor,True,GOOD,0,0,Dominacja EV
KRA318M,50.01243,19.95394,4,"['KRA25A', 'KRA415M', 'KRA187M', 'KRA44A', 'KRA158M']",Outdoor,True,VERY_GOOD,0,2,Strefa Spalinowa
KRA319M,50.04657,19.93108,4,"['KRA01HO', 'KRA59M', 'KRA93M', 'KRA165M', 'KRA314M']",Outdoor,True,VERY_GOOD,0,1,Strefa Spalinowa
KRA31A,50.08712,19.98513,3,"['KRA02HO', 'KRA07MP', 'KRA07AP', 'KRA332M', 'KRA227M']",Outdoor,True,VERY_GOOD,0,4,Dominacja EV
KRA31BAPP,50.02628,19.97613,6,"['KRA45BAPP', 'KRA255M', 'KRA126M', 'KRA07N', 'KRA64M']",Outdoor,True,VERY_GOOD,0,2,Strefa Spalinowa
KRA31M,50.07378,20.00162,4,['KRA04BAPP'],Outdoor,True,VERY_GOOD,0,0,Dominacja EV
KRA31N,50.09556,19.99837,5,"['KRA07B', 'KRA12APP', 'KRA394M', 'KRA143M', 'KRA02MP']",Outdoor,True,VERY_GOOD,0,0,Dominacja EV
KRA321M,50.01242,19.97478,4,"['KRA134M', 'KRA257M', 'KRA117M', 'KRA44A', 'KRA218M']",Outdoor,True,VERY_GOOD,1,2,Strefa Spalinowa
KRA322M,50.04402,19.98318,4,"['KRA46M', 'KRA306M', 'KRA07M', 'KRA20N', 'KRA353M']",Outdoor,True,VERY_GOOD,0,2,Strefa Spalinowa
KRA323M,50.01876,20.02462,4,"['KRA125M', 'KRA178M', 'KRA17M', 'KRA01N', 'KRA138M']",Outdoor,True,VERY_GOOD,0,2,Strefa Spalinowa
KRA324M,50.0791,19.97377,4,"['KRA224M', 'KRA17AP', 'KRA46N', 'KRA332M', 'KRA07MP']",Outdoor,True,VERY_GOOD,0,4,Dominacja EV
KRA325M,50.09793,19.96095,4,"['KRA60M', 'KRA32BAPP', 'KRA69M', 'KRA349M', 'KRA247M']",Outdoor,True,VERY_GOOD,0,4,Dominacja EV
KRA326M,50.07695,19.98058,4,"['KRA409M', 'KRA424M', 'KRA16N', 'KRA05APP', 'KRA411M']",Outdoor,True,VERY_GOOD,0,4,Dominacja EV
KRA327M,50.07928,20.04763,4,"['KRA161M', 'KRA15APP', 'KRA91M', 'KRA286M', 'KRA287M']",Outdoor,True,VERY_GOOD,0,0,Dominacja EV
KRA328M,50.09623,20.07386,4,"['KRA35BAPP', 'KRA174M', 'KRA33N', 'KRA252M', 'KRA48BAPP']",Outdoor,True,VERY_GOOD,0,0,Dominacja EV
KRA329M,50.07525,20.02259,4,"['KRA38A', 'KRA275M', 'KRA02AP', 'KRA228M', 'KRA16M']",Outdoor,True,VERY_GOOD,0,0,Dominacja EV
KRA32A,50.03999,19.92414,3,"['KRA390M', 'KRA02G', 'KRA02N', 'KRA19AP', 'KRA289M']",Outdoor,True,VERY_GOOD,0,1,Strefa Spalinowa
KRA32APP,50.02591,19.90511,6,"['KRA23N', 'KRA372M', 'KRA19N', 'KRA26A', 'KRA429M']",Outdoor,True,GOOD,0,1,Strefa Spalinowa
KRA32BAPP,50.09479,19.9511,6,"['KRA247M', 'KRA60M', 'KRA18A', 'KRA225M', 'KRA34A']",Outdoor,True,GOOD,0,4,Dominacja EV
KRA32N,50.01453,19.89619,5,"['KRA429M', 'KRA259M', 'KRA10HO', 'KRA19N', 'KRA47A']",Outdoor,True,VERY_GOOD,0,1,Strefa Spalinowa
KRA330M,50.08329,19.97582,4,"['KRA332M', 'KRA07MP', 'KRA224M', 'KRA17AP', 'KRA46N']",Outdoor,True,VERY_GOOD,0,4,Dominacja EV
KRA332M,50.0828,19.9722,4,"['KRA07MP', 'KRA46N', 'KRA224M', 'KRA17AP', 'KRA07AP']",Outdoor,True,VERY_GOOD,0,4,Dominacja EV
KRA333M,50.08396,19.9634,4,"['KRA22M', 'KRA46N', 'KRA383M', 'KRA332M', 'KRA17AP']",Outdoor,True,GOOD,1,4,Dominacja EV
KRA334M,50.09528,20.04483,4,"['KRA09N', 'KRA169M', 'KRA56BAPP', 'KRA48BAPP', 'KRA252M']",Outdoor,True,GOOD,0,0,Dominacja EV
KRA335M,50.07032,19.89862,4,"['KRA168M', 'KRA07BAPP', 'KRA05MP', 'KRA41A', 'KRA253M']",Outdoor,True,VERY_GOOD,1,3,Strefa Mieszana (Hybrydy)
KRA336M,49.98515,19.87477,4,"['KRA33A', 'KRA304M', 'KRA370M', 'KRA05BAPP', 'KRA157M']",Outdoor,True,VERY_GOOD,0,1,Strefa Spalinowa
KRA338M,50.04019,19.95335,4,"['KRA35M', 'KRA17H', 'KRA186M', 'KRA146M', 'KRA10H']",Outdoor,True,VERY_GOOD,0,4,Dominacja EV
KRA339M,50.09338,19.9841,4,"['KRA73M', 'KRA16A', 'KRA227M', 'KRA301M', 'KRA39A']",Outdoor,True,VERY_GOOD,0,4,Dominacja EV
KRA33A,49.98825,19.87033,3,"['KRA336M', 'KRA304M', 'KRA370M', 'KRA05BAPP', 'KRA157M']",Outdoor,True,VERY_GOOD,0,1,Strefa Spalinowa
KRA33BAPP,50.089,19.96718,6,"['KRA295M', 'KRA347M', 'KRA379M', 'KRA12AP', 'KRA07AP']",Outdoor,True,GOOD,0,4,Dominacja EV
KRA33M,49.99984,19.89697,4,"['KRA229M', 'KRA04H', 'KRA29A', 'KRA197M', 'KRA259M']",Outdoor,True,VERY_GOOD,1,1,Strefa Spalinowa
KRA33N,50.10594,20.07439,5,"['KRA35BAPP', 'KRA174M', 'KRA48BAPP', 'KRA169M']",Outdoor,True,VERY_GOOD,0,0,Dominacja EV
KRA340M,50.09299,19.98919,4,"['KRA227M', 'KRA73M', 'KRA301M', 'KRA39A', 'KRA31A']",Outdoor,True,VERY_GOOD,1,4,Dominacja EV
KRA341M,50.04093,19.99429,4,"['KRA111M', 'KRA177M', 'KRA46M', 'KRA385M', 'KRA353M']",Outdoor,True,GOOD,1,2,Strefa Spalinowa
KRA342M,50.05391,20.04435,4,"['KRA14N', 'KRA309M', 'KRA30BAPP', 'KRA15M', 'KRA215M']",Outdoor,True,GOOD,0,0,Dominacja EV
KRA343M,50.01868,20.0137,4,"['KRA30M', 'KRA04APP', 'KRA54BAPP', 'KRA138M', 'KRA09M']",Outdoor,True,GOOD,0,2,Strefa Spalinowa
KRA344M,49.98707,19.93179,4,"['KRA366M', 'KRA01APP', 'KRA202M', 'KRA03MP', 'KRA160M']",Outdoor,True,GOOD,0,1,Strefa Spalinowa
KRA345M,50.10458,20.00848,4,"['KRA10A', 'KRA399M', 'KRA394M', 'KRA400M', 'KRA396M']",Outdoor,True,GOOD,0,0,Dominacja EV
KRA346M,49.97302,19.98981,4,"['GKX01M', 'KRA181M', 'KRA79M']",Outdoor,True,VERY_GOOD,0,2,Strefa Spalinowa
KRA347M,50.08835,19.95963,4,"['KRA12AP', 'KRA33BAPP', 'KRA155M', 'KRA183M', 'KRA295M']",Outdoor,True,GOOD,0,4,Dominacja EV
KRA348M,50.05556,19.94816,4,"['KRA154M', 'KRA271M', 'KRA152M', 'KRA16H', 'KRA80M']",Outdoor,True,VERY_GOOD,0,4,Dominacja EV
KRA349M,50.09166,19.95537,4,"['KRA60M', 'KRA32BAPP', 'KRA247M', 'KRA325M', 'KRA288M']",Outdoor,True,VERY_GOOD,0,4,Dominacja EV
KRA34A,50.10193,19.94595,3,"['KRA195M', 'KRA247M', 'KRA32BAPP', 'KRA225M', 'KRA325M']",Outdoor,True,GOOD,0,4,Dominacja EV
KRA34BAPP,50.10843,19.96061,6,"['KRA325M', 'KRA195M', 'KRA34A', 'KRA278M', 'KRA60M']",Outdoor,True,GOOD,0,4,Dominacja EV
KRA34M,50.02873,19.93586,4,"['KRA403M', 'KRA231M']",Outdoor,True,VERY_GOOD,0,1,Strefa Spalinowa
KRA34N,50.08495,19.84958,5,"['KRA19M', 'KRA428M', 'KRA294M', 'RASA01BAPP', 'KRA258M']",Outdoor,True,VERY_GOOD,1,3,Strefa Mieszana (Hybrydy)
KRA350M,50.00237,19.93003,4,"['KRA267M', 'KRA66M', 'KRA219M', 'KRA119M', 'KRA547']",Outdoor,True,VERY_GOOD,0,1,Strefa Spalinowa
KRA351M,50.10641,20.04533,4,"['KRA234M', 'KRA396M', 'KRA35BAPP', 'ZST01M', 'KRA174M']",Outdoor,True,GOOD,0,0,Dominacja EV
KRA352M,49.98968,19.91025,4,"['KRA97M', 'KRA124M', 'KRA157M', 'LIR01MP', 'LIR01M']",Outdoor,True,VERY_GOOD,0,1,Strefa Spalinowa
KRA353M,50.03815,19.99049,4,"['KRA52M', 'KRA111M', 'KRA422M', 'KRA177M', 'KRA341M']",Outdoor,True,GOOD,0,2,Strefa Spalinowa
KRA354M,50.05271,19.98467,4,"['KRA322M', 'KRA46M', 'KRA239M', 'KRA20N', 'KRA306M']",Outdoor,True,VERY_GOOD,0,2,Strefa Spalinowa
KRA355M,50.00365,19.95776,4,"['KRA291M', 'KRA51M', 'KRA25M', 'KRA246M', 'KRA117M']",Outdoor,True,VERY_GOOD,0,2,Strefa Spalinowa
KRA356M,50.0139,19.88882,4,"['KRA54M', 'KRA407M', 'KRA05M', 'KRA197M', 'KRA429M']",Outdoor,True,VERY_GOOD,0,1,Strefa Spalinowa
KRA357M,50.01861,20.05464,4,"['KRA68M', 'KRA52BAPP', 'KRA359M', 'KRA20APP', 'CWI01M']",Outdoor,True,VERY_GOOD,0,0,Dominacja EV
KRA358M,50.08795,19.88731,4,"['KRA50BAPP', 'KRA242M', 'KRA02A', 'KRA305M', 'KRA71M']",Outdoor,True,VERY_GOOD,1,3,Strefa Mieszana (Hybrydy)
KRA359M,50.02698,20.04815,4,"['KRA52BAPP', 'KRA68M', 'KRA20APP', 'KRA357M', 'KRA215M']",Outdoor,True,VERY_GOOD,0,0,Dominacja EV
KRA35A,50.06563,19.91474,3,"['KRA41A', 'KRA84M', 'KRA07BAPP', 'KRA05MP', 'KRA168M']",Outdoor,True,VERY_GOOD,0,3,Strefa Mieszana (Hybrydy)
KRA35BAPP,50.09735,20.06436,6,"['KRA174M', 'KRA252M', 'KRA48BAPP', 'KRA33N', 'KRA169M']",Outdoor,True,VERY_GOOD,0,0,Dominacja EV
KRA35M,50.04278,19.94681,4,"['KRA338M', 'KRA17H', 'KRA186M', 'KRA146M', 'KRA10H']",Outdoor,True,VERY_GOOD,0,4,Dominacja EV
KRA35N,50.01486,19.9075,5,"['KRA173M', 'KRA47A', 'KRA14MP', 'KRA299M', 'KRA12H']",Outdoor,True,VERY_GOOD,1,1,Strefa Spalinowa
KRA361M,50.06269,20.02297,4,"['KRA39BAPP', 'KRA03BAPP', 'KRA311M', 'KRA04BAPP', 'KRA01AP']",Outdoor,True,GOOD,0,0,Dominacja EV
KRA362M,49.97471,19.94697,4,"['WRC01M', 'WRC02BAPP', 'KRA202M', 'KRA79M', 'WRC01BAPP']",Outdoor,True,GOOD,0,1,Strefa Spalinowa
KRA363M,50.03785,19.86487,4,"['KRA42M', 'KRA44BAPP']",Outdoor,True,VERY_GOOD,0,3,Strefa Mieszana (Hybrydy)
KRA364M,50.05915,20.14606,4,['KRA205M'],Outdoor,True,VERY_GOOD,0,0,Dominacja EV
KRA365M,50.02163,19.9218,4,"['KRA46BAPP', 'KRA62M', 'KRA249M', 'KRA100M', 'KRA406M']",Outdoor,True,VERY_GOOD,0,1,Strefa Spalinowa
KRA366M,49.98913,19.94178,4,"['KRA01APP', 'KRA03MP', 'KRA160M', 'KRA344M', 'KRA303M']",Outdoor,True,VERY_GOOD,0,1,Strefa Spalinowa
KRA367M,50.09684,19.93687,4,"['KRA290M', 'KRA427M', 'KRA375M', 'KRA217M', 'KRA247M']",Outdoor,True,VERY_GOOD,0,4,Dominacja EV
KRA368M,50.09487,19.95554,4,"['KRA60M', 'KRA32BAPP', 'KRA247M', 'KRA18A', 'KRA288M']",Outdoor,True,GOOD,0,4,Dominacja EV
KRA369M,50.05862,20.00461,4,"['KRA03BAPP', 'KRA311M']",Outdoor,True,VERY_GOOD,0,0,Dominacja EV
KRA36A,49.99981,19.9122,3,"['KRA33M', 'KRA350M', 'KRA04H', 'KRA229M', 'KRA267M']",Outdoor,True,VERY_GOOD,0,1,Strefa Spalinowa
KRA36M,50.10323,19.92829,4,"['KRA367M', 'KRA290M']",Outdoor,True,VERY_GOOD,0,4,Dominacja EV
KRA370M,49.97583,19.8757,4,"['KRA304M', 'KRA336M', 'KRA05BAPP', 'KRA33A', 'BRZY01APP']",Outdoor,True,VERY_GOOD,0,1,Strefa Spalinowa
KRA371M,50.01718,19.80745,4,['KRA44N'],Outdoor,True,VERY_GOOD,0,3,Strefa Mieszana (Hybrydy)
KRA372M,50.0306,19.91381,4,"['KRA26A', 'KRA23N', 'KRA62M', 'KRA46A', 'KRA32APP']",Outdoor,True,VERY_GOOD,0,1,Strefa Spalinowa
KRA373M,50.02179,19.91492,4,"['KRA365M', 'KRA282M', 'KRA46BAPP', 'KRA120M', 'KRA46A']",Outdoor,True,VERY_GOOD,0,1,Strefa Spalinowa
KRA375M,50.09291,19.93878,4,"['KRA367M', 'KRA290M', 'KRA427M', 'KRA217M', 'KRA247M']",Outdoor,True,GOOD,0,4,Dominacja EV
KRA376M,50.07316,19.97664,4,"['KRA05APP', 'KRA411M', 'KRA18H', 'KRA409M', 'KRA16N']",Outdoor,True,GOOD,0,4,Dominacja EV
KRA377M,50.08357,19.84645,4,"['KRA428M', 'KRA294M', 'KRA19M', 'RASA01BAPP', 'KRA258M']",Outdoor,True,VERY_GOOD,0,3,Strefa Mieszana (Hybrydy)
KRA379M,50.09142,19.96844,4,"['KRA347M', 'KRA12AP', 'KRA16A', 'KRA25BAPP', 'KRA49M']",Outdoor,True,GOOD,0,4,Dominacja EV
KRA37N,50.08473,20.01319,5,"['KRA62N', 'KRA206M', 'KRA12N', 'KRA01A', 'KRA11BAPP']",Outdoor,True,VERY_GOOD,0,0,Dominacja EV
KRA380M,50.09394,19.92807,4,"['KRA217M', 'KRA290M', 'KRA427M', 'KRA367M', 'KRA375M']",Outdoor,True,VERY_GOOD,0,4,Dominacja EV
KRA381M,50.05909,19.96378,4,"['KRA128M', 'KRA89M', 'KRA26M', 'KRA10H', 'KRA180M']",Outdoor,True,VERY_GOOD,0,4,Dominacja EV
KRA382M,50.03697,19.89512,4,"['KRA67M', 'KRA44BAPP', 'KRA372M', 'KRA26A', 'KRA23N']",Outdoor,True,VERY_GOOD,0,1,Strefa Spalinowa
KRA383M,50.08116,19.95631,4,"['KRA185M', 'KRA183M', 'KRA155M', 'KRA06H', 'KRA46N']",Outdoor,True,GOOD,0,4,Dominacja EV
KRA384M,50.01503,20.00853,4,"['KRA21M', 'KRA09M', 'KRA179M', 'KRA54BAPP', 'KRA30M']",Outdoor,True,VERY_GOOD,0,2,Strefa Spalinowa
KRA385M,50.04513,19.99047,4,"['KRA111M', 'KRA177M', 'KRA21APP', 'KRA46M', 'KRA322M']",Outdoor,True,VERY_GOOD,0,2,Strefa Spalinowa
KRA386M,50.05738,19.97973,4,"['KRA26M', 'KRA128M', 'KRA06MP', 'KRA89M', 'KRA42N']",Outdoor,True,VERY_GOOD,0,4,Dominacja EV
KRA387M,50.02039,20.00751,4,"['KRA09M', 'KRA261M', 'KRA138M', 'KRA153M', 'KRA04APP']",Outdoor,True,GOOD,0,2,Strefa Spalinowa
KRA388M,50.01014,20.01724,4,"['KRA53N', 'KRA54BAPP', 'KRA30M', 'KRA23APP', 'KRA03APP']",Outdoor,True,VERY_GOOD,0,2,Strefa Spalinowa
KRA389M,50.10373,19.90747,4,"['KRA58N', 'KRA104M', 'KRA148M', 'KRA40A', 'KRA27BAPP']",Outdoor,True,GOOD,0,3,Strefa Mieszana (Hybrydy)
KRA38A,50.07218,20.01938,3,"['KRA329M', 'KRA02AP', 'KRA40N', 'KRA275M', 'KRA228M']",Outdoor,True,VERY_GOOD,0,0,Dominacja EV
KRA38BAPP,50.07121,19.83407,6,"['KRA220M', 'KRA391M', 'KRA428M', 'KRA294M', 'KRA01B']",Outdoor,True,GOOD,0,3,Strefa Mieszana (Hybrydy)
KRA38N,50.10576,19.90506,5,"['KRA389M', 'KRA58N', 'KRA104M', 'KRA148M', 'KRA217M']",Outdoor,True,GOOD,0,3,Strefa Mieszana (Hybrydy)
KRA390M,50.03798,19.92503,4,"['KRA02G', 'KRA02N', 'KRA19AP', 'KRA32A', 'KRA289M']",Outdoor,True,GOOD,0,1,Strefa Spalinowa
KRA391M,50.06813,19.84751,4,"['KRA220M', 'KRA38BAPP', 'KRA428M', 'KRA294M', 'KRA19M']",Outdoor,True,GOOD,1,3,Strefa Mieszana (Hybrydy)
KRA392M,50.07881,20.01958,4,"['KRA04AP', 'KRA48N', 'KRA58BAPP', 'KRA54A', 'KRA16M']",Outdoor,True,VERY_GOOD,0,0,Dominacja EV
KRA393M,50.09636,19.88601,4,"['KRA212M', 'KRA28N', 'KRA163M', 'KRA50BAPP', 'KRA270M']",Outdoor,True,VERY_GOOD,0,3,Strefa Mieszana (Hybrydy)
KRA394M,50.09624,20.01102,4,"['KRA399M', 'KRA400M', 'KRA143M', 'KRA150M', 'KRA58M']",Outdoor,True,GOOD,0,0,Dominacja EV
KRA395M,50.10225,20.01583,4,"['KRA10A', 'KRA399M', 'KRA396M', 'KRA394M', 'KRA400M']",Outdoor,True,GOOD,0,0,Dominacja EV
KRA396M,50.10016,20.02109,4,"['KRA58M', 'KRA150M', 'KRA399M', 'KRA10A', 'KRA394M']",Outdoor,True,GOOD,0,0,Dominacja EV
KRA397M,50.08634,19.90843,4,"['KRA417M', 'KRA191M', 'KRA105M', 'KRA203M', 'KRA16APP']",Outdoor,True,VERY_GOOD,1,3,Strefa Mieszana (Hybrydy)
KRA398M,50.08205,20.00109,4,"['KRA10N', 'KRA110M', 'KRA08APP', 'KRA235M', 'KRA02MP']",Outdoor,True,VERY_GOOD,1,0,Dominacja EV
KRA399M,50.09849,20.01097,4,"['KRA400M', 'KRA394M', 'KRA401M', 'KRA10A', 'KRA396M']",Outdoor,True,GOOD,0,0,Dominacja EV
KRA39A,50.0884,19.99366,3,"['KRA301M', 'KRA227M', 'KRA02HO', 'KRA274M', 'KRA22APP']",Outdoor,True,VERY_GOOD,0,0,Dominacja EV
KRA39BAPP,50.06357,20.02063,6,"['KRA361M', 'KRA311M']",Outdoor,True,GOOD,0,0,Dominacja EV
KRA39M,50.00609,19.90496,4,"['KRA237M', 'KRA251M']",Outdoor,True,VERY_GOOD,0,1,Strefa Spalinowa
KRA400M,50.10037,20.00999,4,"['KRA399M', 'KRA401M', 'KRA394M', 'KRA10A', 'KRA396M']",Outdoor,True,GOOD,0,0,Dominacja EV
KRA401M,50.10242,20.00838,4,"['KRA400M', 'KRA399M', 'KRA394M', 'KRA10A', 'KRA396M']",Outdoor,True,GOOD,0,0,Dominacja EV
KRA402M,50.11349,20.18656,4,['CZUL01BAPP'],Outdoor,True,VERY_GOOD,0,0,Dominacja EV
KRA403M,50.02813,19.9416,4,"['KRA296M', 'KRA232M', 'KRA10MP', 'KRA34M', 'KRA100M']",Outdoor,True,VERY_GOOD,0,1,Strefa Spalinowa
KRA404M,50.09384,19.96675,4,"['KRA16A', 'KRA73M', 'KRA347M', 'KRA12AP', 'KRA25BAPP']",Outdoor,True,GOOD,0,4,Dominacja EV
KRA405M,50.02439,19.98448,4,"['KRA126M', 'KRA255M', 'KRA12M', 'KRA07N', 'KRA31BAPP']",Outdoor,True,VERY_GOOD,1,2,Strefa Spalinowa
KRA406M,50.02717,19.92173,4,"['KRA62M', 'KRA46BAPP', 'KRA249M', 'KRA19AP', 'KRA02N']",Outdoor,True,VERY_GOOD,0,1,Strefa Spalinowa
KRA407M,50.01184,19.88368,4,"['KRA54M', 'KRA05M', 'KRA356M', 'KRA106M', 'KRA10HO']",Outdoor,True,VERY_GOOD,1,1,Strefa Spalinowa
KRA408M,50.08926,19.92674,4,"['KRA27BAPP', 'KRA26BAPP', 'KRA20BAPP', 'KRA40A', 'KRA148M']",Outdoor,True,GOOD,1,4,Dominacja EV
KRA409M,50.07636,19.98252,4,"['KRA424M', 'KRA16N', 'KRA411M', 'KRA05APP', 'KRA18H']",Outdoor,True,VERY_GOOD,1,4,Dominacja EV
KRA40A,50.08787,19.91891,3,"['KRA203M', 'KRA105M', 'KRA27BAPP', 'KRA408M', 'KRA96M']",Outdoor,True,GOOD,0,4,Dominacja EV
KRA40BAPP,50.07752,19.96335,6,"['KRA81M', 'KRA149M', 'KRA83M', 'KRA151M', 'KRA103M']",Outdoor,True,VERY_GOOD,0,4,Dominacja EV
KRA40M,50.09393,19.92152,4,"['KRA217M', 'KRA148M']",Outdoor,True,VERY_GOOD,0,4,Dominacja EV
KRA40N,50.07098,20.02846,5,"['KRA08BAPP', 'KRA329M', 'KRA18M', 'KRA204M', 'KRA416M']",Outdoor,True,VERY_GOOD,1,0,Dominacja EV
KRA410M,50.07842,19.9022,4,"['KRA55M', 'KRA253M', 'KRA114M', 'KRA139M', 'KRA168M']",Outdoor,True,GOOD,0,3,Strefa Mieszana (Hybrydy)
KRA411M,50.07284,19.98386,4,"['KRA05APP', 'KRA424M', 'KRA18H', 'KRA409M', 'KRA16N']",Outdoor,True,VERY_GOOD,0,4,Dominacja EV
KRA412M,50.07424,19.88433,4,"['KRA17BAPP', 'KRA24A', 'KRA258M', 'KRA42BAPP', 'KRA190M']",Outdoor,True,GOOD,0,3,Strefa Mieszana (Hybrydy)
KRA414M,50.1027,19.87049,4,"['KRA188M', 'KRA393M', 'KRA212M', 'KRA163M', 'MDC01M']",Outdoor,True,VERY_GOOD,0,3,Strefa Mieszana (Hybrydy)
KRA415M,50.0134,19.95924,4,"['KRA187M', 'KRA222M', 'KRA158M', 'KRA25A', 'KRA44A']",Outdoor,True,VERY_GOOD,0,2,Strefa Spalinowa
KRA416M,50.07078,20.03753,4,"['KRA18M', 'KRA204M', 'KRA15M', 'KRA30BAPP', 'KRA140M']",Outdoor,True,VERY_GOOD,0,0,Dominacja EV
KRA417M,50.08653,19.90693,4,"['KRA397M', 'KRA16APP', 'KRA191M', 'KRA105M', 'KRA203M']",Outdoor,True,VERY_GOOD,1,3,Strefa Mieszana (Hybrydy)
KRA418M,50.02685,19.96805,4,"['KRA45BAPP', 'KRA31BAPP', 'KRA63M', 'KRA223M', 'KRA255M']",Outdoor,True,VERY_GOOD,0,2,Strefa Spalinowa
KRA419M,50.0888,19.93732,4,"['KRA24APP', 'KRA26BAPP', 'KRA03HO', 'KRA225M', 'KRA269M']",Outdoor,True,GOOD,0,4,Dominacja EV
KRA41A,50.0679,19.9014,3,"['KRA07BAPP', 'KRA05MP', 'KRA168M', 'KRA84M', 'KRA139M']",Outdoor,True,VERY_GOOD,0,3,Strefa Mieszana (Hybrydy)
KRA41BAPP,50.06193,19.88963,6,"['KRA41A', 'KRA07BAPP', 'KRA05MP', 'KRA280M', 'KRA168M']",Outdoor,True,VERY_GOOD,0,3,Strefa Mieszana (Hybrydy)
KRA41M,50.103,20.01307,4,['KRA396M'],Outdoor,True,GOOD,1,0,Dominacja EV
KRA41N,50.09062,19.93047,5,"['KRA217M', 'KRA26BAPP', 'KRA269M', 'KRA148M', 'KRA290M']",Outdoor,True,GOOD,0,4,Dominacja EV
KRA420M,50.07907,20.00275,4,"['KRA110M', 'KRA398M', 'KRA235M', 'KRA10N', 'KRA08APP']",Outdoor,True,VERY_GOOD,0,0,Dominacja EV
KRA421M,50.03798,19.98323,4,"['KRA07M', 'KRA353M', 'KRA322M', 'KRA46M', 'KRA111M']",Outdoor,True,GOOD,0,2,Strefa Spalinowa
KRA422M,50.03826,19.9959,4,"['KRA52M', 'KRA353M', 'KRA111M', 'KRA177M', 'KRA341M']",Outdoor,True,GOOD,1,2,Strefa Spalinowa
KRA423M,50.0632,19.90866,4,"['KRA41A', 'KRA07BAPP', 'KRA05MP', 'KRA168M', 'KRA84M']",Outdoor,True,VERY_GOOD,0,3,Strefa Mieszana (Hybrydy)
KRA424M,50.07664,19.9843,4,"['KRA409M', 'KRA411M', 'KRA16N', 'KRA18H', 'KRA05APP']",Outdoor,True,VERY_GOOD,1,4,Dominacja EV
KRA425M,50.01095,20.05193,4,"['KRA15N', 'KRA196M', 'KRA285M', 'KRA01N', 'KRA125M']",Outdoor,True,VERY_GOOD,0,2,Strefa Spalinowa
KRA427M,50.09641,19.93259,4,"['KRA290M', 'KRA367M', 'KRA217M', 'KRA375M', 'KRA148M']",Outdoor,True,VERY_GOOD,1,4,Dominacja EV
KRA428M,50.08131,19.84813,4,"['KRA294M', 'KRA19M', 'KRA220M', 'KRA391M', 'RASA01BAPP']",Outdoor,True,VERY_GOOD,0,3,Strefa Mieszana (Hybrydy)
KRA429M,50.01757,19.89542,4,"['KRA19N', 'KRA12H', 'KRA10HO', 'KRA14MP', 'KRA259M']",Outdoor,True,VERY_GOOD,0,1,Strefa Spalinowa
KRA42BAPP,50.08119,19.8739,6,"['KRA258M', 'KRA24A', 'KRA190M', 'KRA305M', 'KRA294M']",Outdoor,True,VERY_GOOD,0,3,Strefa Mieszana (Hybrydy)
KRA42M,50.02911,19.85565,4,"['KRA44BAPP', 'KRA20M', 'KRA363M']",Outdoor,True,VERY_GOOD,0,3,Strefa Mieszana (Hybrydy)
KRA42N,50.06448,19.9994,5,"['KRA30APP', 'KRA04BAPP', 'KRA01AP', 'KRA04MP', 'KRA369M']",Outdoor,True,VERY_GOOD,0,0,Dominacja EV
KRA430M,50.02192,19.99415,4,"['KRA12M', 'KRA153M', 'KRA60BAPP', 'KRA405M', 'KRA74M']",Outdoor,True,VERY_GOOD,0,2,Strefa Spalinowa
KRA432M,50.05182,19.9268,4,"['KRA93M', 'KRA11AP', 'KRA314M', 'KRA319M', 'KRA59M']",Outdoor,True,VERY_GOOD,1,1,Strefa Spalinowa
KRA433M,50.03591,19.93726,4,,Outdoor,True,VERY_GOOD,0,1,Strefa Spalinowa
KRA434M,49.9831,19.94486,4,,Outdoor,True,VERY_GOOD,0,1,Strefa Spalinowa
KRA436M,50.05834,19.90051,4,,Outdoor,True,VERY_GOOD,0,3,Strefa Mieszana (Hybrydy)
KRA437M,50.08092,20.18623,4,,Outdoor,True,VERY_GOOD,0,0,Dominacja EV
KRA438M,50.08329,20.01832,4,,Outdoor,True,VERY_GOOD,0,0,Dominacja EV
KRA439M,50.10839,19.8958,4,,Outdoor,True,GOOD,0,3,Strefa Mieszana (Hybrydy)
KRA43A,50.0844,20.04021,3,"['KRA287M', 'KRA156M']",Outdoor,True,VERY_GOOD,1,0,Dominacja EV
KRA43BAPP,50.04032,20.0735,6,"['KRA61M', 'KRA215M']",Outdoor,True,GOOD,0,0,Dominacja EV
KRA43N,50.00666,19.87317,5,"['KRA106M', 'KRA02APP', 'KRA407M', 'KRA197M', 'KRA54M']",Outdoor,True,VERY_GOOD,0,1,Strefa Spalinowa
KRA440M,50.08905,19.92774,4,,Outdoor,True,GOOD,1,4,Dominacja EV
KRA444M,49.99471,19.91667,4,,Outdoor,True,VERY_GOOD,0,1,Strefa Spalinowa
KRA44A,50.0143,19.96434,3,"['KRA158M', 'KRA187M']",Outdoor,True,VERY_GOOD,1,2,Strefa Spalinowa
KRA44BAPP,50.03367,19.87575,6,"['KRA382M', 'KRA42M', 'KRA363M', 'KRA20M', 'KRA208M']",Outdoor,True,VERY_GOOD,0,3,Strefa Mieszana (Hybrydy)
KRA44M,50.09217,19.99215,4,"['KRA227M', 'KRA39A', 'KRA301M', 'KRA274M', 'KRA73M']",Outdoor,True,VERY_GOOD,1,4,Dominacja EV
KRA44N,50.00915,19.81302,5,['KRA371M'],Outdoor,True,VERY_GOOD,0,3,Strefa Mieszana (Hybrydy)
KRA45A,50.07983,19.994,3,"['KRA10N', 'KRA398M', 'KRA110M', 'KRA02MP', 'KRA193M']",Outdoor,True,VERY_GOOD,0,0,Dominacja EV
KRA45BAPP,50.02416,19.97041,6,"['KRA63M', 'KRA31BAPP', 'KRA418M', 'KRA223M', 'KRA182M']",Outdoor,True,VERY_GOOD,0,2,Strefa Spalinowa
KRA46A,50.02554,19.91276,3,"['KRA282M', 'KRA47A']",Outdoor,True,GOOD,0,1,Strefa Spalinowa
KRA46BAPP,50.02492,19.92379,6,"['KRA62M', 'KRA249M', 'KRA406M', 'KRA100M', 'KRA365M']",Outdoor,True,VERY_GOOD,0,1,Strefa Spalinowa
KRA46M,50.04431,19.98639,4,"['KRA322M', 'KRA111M', 'KRA177M', 'KRA306M', 'KRA341M']",Outdoor,True,VERY_GOOD,0,2,Strefa Spalinowa
KRA46N,50.07968,19.96927,5,"['KRA17AP', 'KRA224M', 'KRA332M', 'KRA22M', 'KRA149M']",Outdoor,True,VERY_GOOD,1,4,Dominacja EV
KRA47A,50.01923,19.90638,3,"['KRA14MP', 'KRA120M', 'KRA12H', 'KRA299M', 'KRA282M']",Outdoor,True,VERY_GOOD,0,1,Strefa Spalinowa
KRA47BAPP,50.00949,19.9646,6,"['KRA25A', 'KRA44A', 'KRA158M', 'KRA415M', 'KRA134M']",Outdoor,True,VERY_GOOD,0,2,Strefa Spalinowa
KRA47M,50.04494,19.99521,4,"['KRA111M', 'KRA177M', 'KRA341M', 'KRA21APP', 'KRA46M']",Outdoor,True,VERY_GOOD,1,2,Strefa Spalinowa
KRA48A,50.09425,19.9462,3,"['KRA225M', 'KRA247M', 'KRA32BAPP', 'KRA60M', 'KRA34A']",Outdoor,True,GOOD,0,4,Dominacja EV
KRA48BAPP,50.09328,20.05663,6,"['KRA252M', 'KRA169M', 'KRA09N', 'KRA334M', 'KRA174M']",Outdoor,True,VERY_GOOD,0,0,Dominacja EV
KRA48N,50.0819,20.02209,5,"['KRA392M', 'KRA04AP', 'KRA312M', 'KRA54A', 'KRA189M']",Outdoor,True,VERY_GOOD,0,0,Dominacja EV
KRA49BAPP,50.03937,20.02665,6,"['KRA107M', 'KRA309M', 'KRA20APP']",Outdoor,True,GOOD,0,0,Dominacja EV
KRA49M,50.09709,19.964,4,"['KRA25BAPP', 'KRA29BAPP', 'KRA347M', 'KRA12AP', 'KRA155M']",Outdoor,True,GOOD,1,4,Dominacja EV
KRA49N,50.09694,20.12839,5,"['KRA308M', 'KRA02BAPP', 'KRZF01M']",Outdoor,True,VERY_GOOD,0,0,Dominacja EV
KRA50BAPP,50.08912,19.89158,6,"['KRA242M', 'KRA02A', 'KRA71M', 'KRA28N', 'KRA190M']",Outdoor,True,VERY_GOOD,0,3,Strefa Mieszana (Hybrydy)
KRA51A,50.06839,19.90529,3,"['KRA41A', 'KRA07BAPP', 'KRA05MP', 'KRA168M', 'KRA84M']",Outdoor,True,VERY_GOOD,1,3,Strefa Mieszana (Hybrydy)
KRA51M,50.00493,19.9447,4,"['KRA355M', 'KRA246M']",Outdoor,True,VERY_GOOD,0,1,Strefa Spalinowa
KRA51N,50.08158,20.02772,5,"['KRA54A', 'KRA297M', 'KRA392M', 'KRA312M', 'KRA48N']",Outdoor,True,GOOD,0,0,Dominacja EV
KRA52A,50.01878,19.97518,3,"['KRA76M', 'KRA254M', 'KRA264M', 'KRA14BAPP', 'KRA45BAPP']",Outdoor,True,VERY_GOOD,0,2,Strefa Spalinowa
KRA52BAPP,50.02687,20.05136,6,"['KRA359M', 'KRA68M', 'KRA357M', 'KRA20APP', 'KRA215M']",Outdoor,True,VERY_GOOD,0,0,Dominacja EV
KRA52M,50.03912,19.99581,4,"['KRA07M', 'KRA61N']",Outdoor,True,GOOD,1,2,Strefa Spalinowa
KRA53BAPP,49.9979,19.82456,6,,Outdoor,True,VERY_GOOD,0,1,Strefa Spalinowa
KRA53N,50.00954,20.02157,5,"['KRA23APP', 'KRA03APP', 'KRA178M', 'KRA54BAPP', 'KRA125M']",Outdoor,True,VERY_GOOD,0,2,Strefa Spalinowa
KRA547,50.01309,19.92764,2,"['KRA66M', 'KRA219M', 'KRA119M', 'KRA267M', 'KRA100M']",Outdoor,True,VERY_GOOD,0,1,Strefa Spalinowa
KRA54A,50.08399,20.0253,3,"['KRA297M', 'KRA51N', 'KRA02BM', 'KRA13M', 'KRA11M']",Outdoor,True,VERY_GOOD,0,0,Dominacja EV
KRA54BAPP,50.01491,20.01698,6,"['KRA30M', 'KRA343M', 'KRA17M', 'KRA15A', 'KRA09AP']",Outdoor,True,VERY_GOOD,0,2,Strefa Spalinowa
KRA54M,50.01162,19.88502,4,"['KRA407M', 'KRA356M', 'KRA05M', 'KRA106M', 'KRA10HO']",Outdoor,True,VERY_GOOD,1,1,Strefa Spalinowa
KRA55BAPP,50.09024,19.97432,6,,Outdoor,True,VERY_GOOD,0,4,Dominacja EV
KRA55M,50.0799,19.90799,4,"['KRA139M', 'KRA07BAPP', 'KRA410M', 'KRA84M', 'KRA168M']",Outdoor,True,VERY_GOOD,0,3,Strefa Mieszana (Hybrydy)
KRA56BAPP,50.09656,20.03907,6,"['KRA334M', 'KRA09N', 'KRA169M', 'KRA234M', 'KRA11M']",Outdoor,True,GOOD,0,0,Dominacja EV
KRA56M,50.07401,20.02686,4,"['KRA329M', 'KRA91M', 'KRA08H', 'KRA286M', 'KRA02AP']",Outdoor,True,VERY_GOOD,0,0,Dominacja EV
KRA56N,50.01764,19.96617,5,"['KRA158M', 'KRA85M', 'KRA254M', 'KRA76M', 'KRA44A']",Outdoor,True,VERY_GOOD,0,2,Strefa Spalinowa
KRA57BAPP,50.08175,20.01678,6,,Outdoor,True,VERY_GOOD,1,0,Dominacja EV
KRA57M,50.07587,19.95881,4,"['KRA81M', 'KRA40BAPP', 'KRA83M', 'KRA103M', 'KRA15H']",Outdoor,True,VERY_GOOD,0,4,Dominacja EV
KRA58BAPP,50.08256,20.01382,6,"['KRA11BAPP', 'KRA37N', 'KRA16M', 'KRA392M', 'KRA04AP']",Outdoor,True,VERY_GOOD,0,0,Dominacja EV
KRA58M,50.09728,20.0201,4,"['KRA150M', 'KRA396M', 'KRA394M', 'KRA234M', 'KRA399M']",Outdoor,True,GOOD,1,0,Dominacja EV
KRA58N,50.09972,19.91524,5,"['KRA389M', 'KRA104M', 'KRA148M', 'KRA40A', 'KRA27BAPP']",Outdoor,True,GOOD,0,3,Strefa Mieszana (Hybrydy)
KRA59BAPP,49.99424,19.97353,6,,Outdoor,True,VERY_GOOD,0,2,Strefa Spalinowa
KRA59M,50.04282,19.93149,4,"['KRA01HO', 'KRA165M', 'KRA319M', 'KRA93M', 'KRA11AP']",Outdoor,True,GOOD,0,1,Strefa Spalinowa
KRA59N,50.09848,19.9515,5,"['KRA34A', 'KRA325M', 'KRA195M', 'KRA247M', 'KRA32BAPP']",Outdoor,True,GOOD,0,4,Dominacja EV
KRA60BAPP,50.01931,19.98637,6,"['KRA74M', 'KRA218M', 'KRA430M', 'KRA126M', 'KRA64M']",Outdoor,True,VERY_BAD,0,2,Strefa Spalinowa
KRA60M,50.09297,19.95265,4,"['KRA349M', 'KRA32BAPP']",Outdoor,True,GOOD,0,4,Dominacja EV
KRA61M,50.0424,20.06394,4,"['KRA215M', 'KRA43BAPP', 'KRA309M', 'KRA342M', 'KRA52BAPP']",Outdoor,True,GOOD,0,0,Dominacja EV
KRA61N,50.03914,19.97746,5,"['KRA07M', 'KRA421M', 'KRA353M', 'KRA322M', 'KRA46M']",Outdoor,True,VERY_GOOD,0,2,Strefa Spalinowa
KRA62M,50.02767,19.91973,4,"['KRA406M', 'KRA46BAPP', 'KRA19AP', 'KRA249M', 'KRA02N']",Outdoor,True,VERY_GOOD,0,1,Strefa Spalinowa
KRA62N,50.08686,20.01125,5,"['KRA37N', 'KRA206M', 'KRA12N', 'KRA01A', 'KRA02MP']",Outdoor,True,VERY_GOOD,1,0,Dominacja EV
KRA63M,50.02218,19.96529,4,"['KRA223M', 'KRA45BAPP', 'KRA182M', 'KRA85M', 'KRA56N']",Outdoor,True,VERY_GOOD,0,2,Strefa Spalinowa
KRA64BAPP,50.08566,20.01097,6,,Outdoor,True,VERY_GOOD,1,0,Dominacja EV
KRA64M,50.02124,19.97895,4,"['KRA116M', 'KRA74M', 'KRA255M', 'KRA52A', 'KRA126M']",Outdoor,True,VERY_GOOD,0,2,Strefa Spalinowa
KRA65M,50.07121,19.89823,4,"['KRA168M', 'KRA07BAPP', 'KRA335M', 'KRA84M', 'KRA253M']",Outdoor,True,VERY_GOOD,1,3,Strefa Mieszana (Hybrydy)
KRA66BAPP,50.10009,19.95527,6,,Outdoor,True,VERY_GOOD,1,4,Dominacja EV
KRA66M,50.012,19.9261,4,"['KRA219M', 'KRA267M', 'KRA119M', 'KRA100M', 'KRA10MP']",Outdoor,True,VERY_GOOD,1,1,Strefa Spalinowa
KRA67BAPP,50.07613,20.15412,6,,Outdoor,True,VERY_GOOD,0,0,Dominacja EV
KRA67M,50.04636,19.90731,4,"['KRA11AP', 'KRA382M', 'KRA93M', 'KRA32A', 'KRA432M']",Outdoor,True,VERY_GOOD,0,1,Strefa Spalinowa
KRA68BAPP,50.08804,20.00689,6,,Outdoor,True,VERY_GOOD,0,0,Dominacja EV
KRA68M,50.01935,20.05059,4,"['KRA52BAPP', 'KRA357M', 'KRA359M', 'KRA20APP', 'CWI01M']",Outdoor,True,VERY_GOOD,0,2,Strefa Spalinowa
KRA69BAPP,50.09164,19.99342,6,,Outdoor,True,VERY_GOOD,1,0,Dominacja EV
KRA69M,50.08681,19.95447,4,"['KRA349M', 'KRA18A', 'KRA288M', 'KRA201M', 'KRA225M']",Outdoor,True,VERY_GOOD,0,4,Dominacja EV
KRA70BAPP,50.01726,19.99201,6,,Outdoor,True,VERY_BAD,1,2,Strefa Spalinowa
KRA70M,50.08282,19.91482,4,"['KRA203M', 'KRA105M', 'KRA191M', 'KRA40A', 'KRA397M']",Outdoor,True,VERY_GOOD,0,3,Strefa Mieszana (Hybrydy)
KRA71BAPP,50.01566,19.9991,6,,Outdoor,True,VERY_GOOD,0,2,Strefa Spalinowa
KRA71M,50.08941,19.90249,4,"['KRA270M', 'KRA28N', 'KRA50BAPP', 'KRA242M', 'KRA02A']",Outdoor,True,VERY_GOOD,1,3,Strefa Mieszana (Hybrydy)
KRA72BAPP,50.06011,19.97669,6,,Outdoor,True,VERY_GOOD,0,4,Dominacja EV
KRA72M,50.04568,19.97092,4,"['KRA09B', 'KRA16AP', 'KRA306M', 'KRA06M', 'KRA04N']",Outdoor,True,VERY_GOOD,0,2,Strefa Spalinowa
KRA73BAPP,50.02688,19.9443,6,,Outdoor,True,VERY_GOOD,0,1,Strefa Spalinowa
KRA73M,50.09445,19.9806,4,"['KRA16A', 'KRA227M', 'KRA33BAPP', 'KRA295M', 'KRA301M']",Outdoor,True,VERY_GOOD,0,4,Dominacja EV
KRA74BAPP,49.98908,19.96339,6,,Outdoor,True,VERY_GOOD,0,2,Strefa Spalinowa
KRA74M,50.01827,19.98276,4,"['KRA60BAPP', 'KRA64M', 'KRA116M', 'KRA218M', 'KRA255M']",Outdoor,True,VERY_BAD,0,2,Strefa Spalinowa
KRA75BAPP,50.08537,19.84915,6,,Outdoor,True,VERY_GOOD,1,3,Strefa Mieszana (Hybrydy)
KRA76BAPP,50.03573,20.00162,6,,Outdoor,True,GOOD,0,2,Strefa Spalinowa
KRA76M,50.01655,19.97224,4,"['KRA254M', 'KRA14BAPP', 'KRA52A', 'KRA56N', 'KRA44A']",Outdoor,True,VERY_GOOD,0,2,Strefa Spalinowa
KRA78BAPP,50.09011,20.01688,6,,Outdoor,True,GOOD,0,0,Dominacja EV
KRA78M,50.09026,20.0262,4,"['KRA11M', 'KRA04BM', 'KRA22BAPP', 'KRA02BM', 'KRA23BAPP']",Outdoor,True,VERY_GOOD,1,0,Dominacja EV
KRA79M,49.97364,19.96208,4,"['GKX01M', 'KRA362M', 'WRC01M', 'WRC02BAPP', 'KRA202M']",Outdoor,True,VERY_GOOD,0,2,Strefa Spalinowa
KRA80M,50.06646,19.94355,4,"['KRA16H', 'KRA152M', 'KRA130M', 'KRA01BAPP', 'KRA19A']",Outdoor,True,GOOD,0,4,Dominacja EV
KRA81BAPP,50.02902,19.90897,6,,Outdoor,True,GOOD,0,1,Strefa Spalinowa
KRA81M,50.07223,19.95584,4,"['KRA103M', 'KRA15H', 'KRA240M', 'KRA23M', 'KRA40BAPP']",Outdoor,True,VERY_GOOD,0,4,Dominacja EV
KRA83M,50.07902,19.95055,4,"['KRA183M', 'KRA185M', 'KRA06H', 'KRA155M', 'KRA383M']",Outdoor,True,GOOD,0,4,Dominacja EV
KRA84M,50.0717,19.90958,4,"['KRA07BAPP', 'KRA168M', 'KRA139M', 'KRA05MP', 'KRA41A']",Outdoor,True,VERY_GOOD,1,3,Strefa Mieszana (Hybrydy)
KRA85M,50.01978,19.96072,4,"['KRA182M', 'KRA222M', 'KRA63M', 'KRA56N', 'KRA158M']",Outdoor,True,VERY_GOOD,1,2,Strefa Spalinowa
KRA87M,50.07712,19.92728,4,"['KRA262M', 'KRA112M', 'KRA96M', 'KRA265M', 'KRA09H']",Outdoor,True,VERY_GOOD,1,4,Dominacja EV
KRA88M,50.03428,19.96807,4,"['KRA04N', 'KRA08A']",Outdoor,True,VERY_GOOD,1,2,Strefa Spalinowa
KRA89M,50.06223,19.96103,4,"['KRA128M', 'KRA180M', 'KRA23M', 'KRA240M', 'KRA171M']",Outdoor,True,VERY_GOOD,1,4,Dominacja EV
KRA90M,50.03852,19.96645,4,"['KRA04N', 'KRA88M', 'KRA28M', 'KRA06M', 'KRA146M']",Outdoor,True,VERY_GOOD,1,2,Strefa Spalinowa
KRA91M,50.07707,20.03197,4,"['KRA286M', 'KRA08H', 'KRA312M', 'KRA51N', 'KRA15APP']",Outdoor,True,VERY_GOOD,0,0,Dominacja EV
KRA93M,50.04423,19.92387,4,"['KRA11AP', 'KRA32A', 'KRA289M', 'KRA319M', 'KRA390M']",Outdoor,True,GOOD,0,1,Strefa Spalinowa
KRA94M,50.0347,19.93327,4,"['KRA01M', 'KRA17HP', 'KRA34M', 'KRA02G', 'KRA02N']",Outdoor,True,VERY_GOOD,1,1,Strefa Spalinowa
KRA95M,50.08508,19.93423,4,"['KRA03HO', 'KRA269M', 'KRA24APP', 'KRA209M', 'KRA419M']",Outdoor,True,VERY_GOOD,1,4,Dominacja EV
KRA96M,50.08309,19.92441,4,"['KRA209M', 'KRA20BAPP', 'KRA269M', 'KRA40A', 'KRA27BAPP']",Outdoor,True,VERY_GOOD,0,4,Dominacja EV
KRA97M,49.98803,19.90341,4,"['KRA352M', 'KRA124M', 'KRA157M', 'LIR01MP', 'LIR01M']",Outdoor,True,VERY_GOOD,0,1,Strefa Spalinowa
PNET0907,50.09579,20.08813,8,"['KRA174M', 'KRA35BAPP', 'KRA33N']",Outdoor,True,VERY_GOOD,0,0,Dominacja EV
PNET0909,50.07953,20.06503,8,"['KRA161M', 'KRA15M', 'KRA15APP', 'KRA293M', 'KRA287M']",Outdoor,True,VERY_GOOD,0,0,Dominacja EV
POP-KRA102,50.02305,19.90995,4,,,False,VERY_GOOD,0,1,Strefa Spalinowa
POP-KRA104,50.01852,19.90541,4,,,False,VERY_GOOD,0,1,Strefa Spalinowa
POP-KRA114,50.08771,19.9643,4,,,False,GOOD,0,4,Dominacja EV
POP-KRA120,50.08444,19.85134,4,,,False,VERY_GOOD,0,3,Strefa Mieszana (Hybrydy)
POP-KRA121,50.03256,19.89583,4,,,False,VERY_GOOD,0,1,Strefa Spalinowa
POP-KRA126,50.10116,19.96377,4,,,False,VERY_GOOD,0,4,Dominacja EV
POP-KRA141,50.02378,19.99542,4,,,False,VERY_GOOD,0,2,Strefa Spalinowa
POP-KRA145,50.00695,19.94575,4,,,False,VERY_GOOD,0,1,Strefa Spalinowa
POP-KRA15,49.99178,19.94582,4,,,False,VERY_GOOD,0,1,Strefa Spalinowa
POP-KRA178,50.0419,20.03404,4,,,False,GOOD,0,0,Dominacja EV
POP-KRA183,50.0173,19.97763,4,,,False,VERY_GOOD,0,2,Strefa Spalinowa
POP-KRA199,50.08157,19.88193,4,,,False,VERY_GOOD,0,3,Strefa Mieszana (Hybrydy)
POP-KRA206,50.0662,19.97246,4,,,False,VERY_GOOD,0,4,Dominacja EV
POP-KRA207,50.07086,19.90013,4,,,False,VERY_GOOD,0,3,Strefa Mieszana (Hybrydy)
POP-KRA209,50.07191,20.02865,4,,,False,VERY_GOOD,0,0,Dominacja EV
POP-KRA210,50.02159,19.98261,4,,,False,VERY_GOOD,0,2,Strefa Spalinowa
POP-KRA213,50.08713,20.00448,4,,,False,VERY_GOOD,0,0,Dominacja EV
POP-KRA216,50.08137,19.88384,4,,,False,VERY_GOOD,0,3,Strefa Mieszana (Hybrydy)
POP-KRA222,50.08749,19.92771,4,,,False,VERY_GOOD,0,4,Dominacja EV
POP-KRA223,50.08439,20.01365,4,,,False,VERY_GOOD,0,0,Dominacja EV
POP-KRA228,50.01398,20.00377,4,,,False,VERY_GOOD,0,2,Strefa Spalinowa
POP-KRA229,50.01282,19.96482,4,,,False,VERY_GOOD,0,2,Strefa Spalinowa
POP-KRA237,50.07905,20.02857,4,,,False,VERY_GOOD,0,0,Dominacja EV
POP-KRA243,50.06815,19.95251,4,,,False,GOOD,0,4,Dominacja EV
POP-KRA246,50.10032,20.00981,4,,,False,GOOD,0,0,Dominacja EV
POP-KRA248,50.09596,19.931549,4,,,False,VERY_GOOD,0,4,Dominacja EV
POP-KRA250,50.01826,20.03518,4,,,False,VERY_GOOD,0,2,Strefa Spalinowa
POP-KRA253,50.05187,19.95047,4,,,False,VERY_GOOD,0,4,Dominacja EV
POP-KRA255,50.01789,19.90548,4,,,False,VERY_GOOD,0,1,Strefa Spalinowa
POP-KRA256,50.02187,19.91134,4,,,False,VERY_GOOD,0,1,Strefa Spalinowa
POP-KRA257,50.0862,20.02453,4,,,False,VERY_GOOD,0,0,Dominacja EV
POP-KRA260,50.0067178663069,19.8909855382235,4,,,False,VERY_GOOD,0,1,Strefa Spalinowa
POP-KRA266,50.08014,20.01184,4,,,False,VERY_GOOD,0,0,Dominacja EV
POP-KRA269,50.08266,20.00397,4,,,False,VERY_GOOD,0,0,Dominacja EV
POP-KRA271,50.01883,19.97462,4,,,False,VERY_GOOD,0,2,Strefa Spalinowa
POP-KRA274,49.99956,19.87097,4,,,False,VERY_GOOD,0,1,Strefa Spalinowa
POP-KRA275,50.0919770002205,19.9495154285584,4,,,False,VERY_GOOD,0,4,Dominacja EV
POP-KRA276,50.09453,20.00235,4,,,False,VERY_GOOD,0,0,Dominacja EV
POP-KRA278,49.99729,19.91952,4,,,False,VERY_GOOD,0,1,Strefa Spalinowa
POP-KRA280,50.01917,19.88999,4,,,False,VERY_GOOD,0,1,Strefa Spalinowa
POP-KRA286,50.07707,20.04499,4,,,False,VERY_GOOD,0,0,Dominacja EV
POP-KRA287,50.09938,19.96487,4,,,False,GOOD,0,4,Dominacja EV
POP-KRA288,50.07627,19.98215,4,,,False,VERY_GOOD,0,4,Dominacja EV
POP-KRA294,50.07278,19.93594,4,,,False,VERY_GOOD,0,4,Dominacja EV
POP-KRA295,50.01855,19.98126,4,,,False,VERY_BAD,0,2,Strefa Spalinowa
POP-KRA299,50.04473,19.97597,4,,,False,VERY_GOOD,0,2,Strefa Spalinowa
POP-KRA307,50.07255,19.93601,4,,,False,VERY_GOOD,0,4,Dominacja EV
POP-KRA308,50.07399,19.95933,4,,,False,VERY_GOOD,0,4,Dominacja EV
POP-KRA309,50.09908,20.01018,4,,,False,GOOD,0,0,Dominacja EV
POP-KRA314,50.08954,19.97889,4,,,False,VERY_GOOD,0,4,Dominacja EV
POP-KRA316,50.07796,19.96989,4,,,False,VERY_GOOD,0,4,Dominacja EV
POP-KRA317,50.00848,19.9492,4,,,False,VERY_GOOD,0,1,Strefa Spalinowa
POP-KRA318,50.08671,19.89399,4,,,False,VERY_GOOD,0,3,Strefa Mieszana (Hybrydy)
POP-KRA320,50.0695,19.94489,4,,,False,VERY_GOOD,0,4,Dominacja EV
POP-KRA321,50.08765,19.93208,4,,,False,VERY_GOOD,0,4,Dominacja EV
POP-KRA322,50.0788,20.01672,4,,,False,VERY_GOOD,0,0,Dominacja EV
POP-KRA323,50.02721,19.9121,4,,,False,GOOD,0,1,Strefa Spalinowa
POP-KRA329,50.02351,19.90613,4,,,False,GOOD,0,1,Strefa Spalinowa
POP-KRA330,50.06737,19.952,4,,,False,GOOD,0,4,Dominacja EV
POP-KRA333,50.06836,20.01257,4,,,False,GOOD,0,0,Dominacja EV
POP-KRA335,50.0705,19.93415,4,,,False,VERY_GOOD,0,4,Dominacja EV
POP-KRA345,49.991824,19.849762,4,,,False,VERY_GOOD,0,1,Strefa Spalinowa
POP-KRA347,50.086142,19.938553,4,,,False,VERY_GOOD,0,4,Dominacja EV
POP-KRA348,50.081552,20.000762,4,,,False,VERY_GOOD,0,0,Dominacja EV
POP-KRA350,50.09141,19.98851,4,,,False,VERY_GOOD,0,4,Dominacja EV
POP-KRA351,50.019318,19.897357,4,,,False,VERY_GOOD,0,1,Strefa Spalinowa
POP-KRA352,50.02312,20.05078,4,,,False,VERY_GOOD,0,0,Dominacja EV
POP-KRA354,50.09623,20.01664,4,,,False,GOOD,0,0,Dominacja EV
POP-KRA355,50.0939726,19.9311129,4,,,False,VERY_GOOD,0,4,Dominacja EV
POP-KRA356,50.06584,19.93011,4,,,False,VERY_GOOD,0,4,Dominacja EV
POP-KRA358,50.07656,19.90509,4,,,False,VERY_GOOD,0,3,Strefa Mieszana (Hybrydy)
POP-KRA359,50.08008,19.97197,4,,,False,VERY_GOOD,0,4,Dominacja EV
POP-KRA360,50.05701,19.95989,4,,,False,VERY_GOOD,0,4,Dominacja EV
POP-KRA363,50.09525,20.06473,4,,,False,VERY_GOOD,0,0,Dominacja EV
POP-KRA366,50.06852,19.8324,4,,,False,GOOD,0,3,Strefa Mieszana (Hybrydy)
POP-KRA367,50.09206,19.99072,4,,,False,VERY_GOOD,0,4,Dominacja EV
POP-KRA370,50.08561,19.92656,4,,,False,VERY_GOOD,0,4,Dominacja EV
POP-KRA371,50.01465,20.01939,4,,,False,VERY_GOOD,0,2,Strefa Spalinowa
POP-KRA372,50.0756,19.94202,4,,,False,VERY_GOOD,0,4,Dominacja EV
POP-KRA373,50.08611,19.91444,4,,,False,GOOD,0,3,Strefa Mieszana (Hybrydy)
POP-KRA374,50.09565,19.95258,4,,,False,GOOD,0,4,Dominacja EV
POP-KRA378,50.05398,19.94826,4,,,False,VERY_GOOD,0,4,Dominacja EV
POP-KRA379,50.05422,19.94358,4,,,False,VERY_GOOD,0,4,Dominacja EV
POP-KRA380,50.01638,19.99988,4,,,False,VERY_GOOD,0,2,Strefa Spalinowa
POP-KRA381,49.99319,19.94001,4,,,False,VERY_GOOD,0,1,Strefa Spalinowa
POP-KRA383,50.03062,20.01371,4,,,False,VERY_GOOD,0,2,Strefa Spalinowa
POP-KRA384,50.09564,20.01005,4,,,False,GOOD,0,0,Dominacja EV
POP-KRA387,50.03961,19.942,4,,,False,VERY_GOOD,0,1,Strefa Spalinowa
POP-KRA388,50.06953,20.00911,4,,,False,GOOD,0,0,Dominacja EV
POP-KRA391,50.02991,19.91951,4,,,False,VERY_GOOD,0,1,Strefa Spalinowa
POP-KRA392,50.0805,19.94721,4,,,False,VERY_GOOD,0,4,Dominacja EV
POP-KRA394,50.03255,19.94107,4,,,False,VERY_GOOD,0,1,Strefa Spalinowa
POP-KRA397,50.0202,19.96012,4,,,False,VERY_GOOD,0,2,Strefa Spalinowa
POP-KRA398,50.05361,19.94002,4,,,False,VERY_GOOD,0,4,Dominacja EV
POP-KRA399,50.07959,20.01895,4,,,False,VERY_GOOD,0,0,Dominacja EV
POP-KRA400,50.05283,19.91898,4,,,False,VERY_BAD,0,1,Strefa Spalinowa
POP-KRA401,50.01472,19.97101,4,,,False,VERY_GOOD,0,2,Strefa Spalinowa
POP-KRA69,50.0127883,19.9709654,4,,,False,VERY_GOOD,0,2,Strefa Spalinowa
POP-KRA79,50.0907,19.97963,4,,,False,VERY_GOOD,0,4,Dominacja EV
POP-KRA81,50.01539,19.96924,4,,,False,VERY_GOOD,0,2,Strefa Spalinowa
POP-KRA89,50.08165,20.03227,4,,,False,GOOD,0,0,Dominacja EV
POP-KRA91,50.09014,20.02661,4,,,False,VERY_GOOD,0,0,Dominacja EV
