name,location_latitude,location_longitude,physical_type_mapped,apm_doubled,recommended_low_interest_box_machines_list,location_type,easy_access_zone,air_index_level
KRA01A,50.08581,20.01915,003,KRA12N,"['KRA12N', 'KRA206M', 'KRA62N', 'KRA37N', 'KRA58BAPP']",Outdoor,True,VERY_GOOD
KRA01AP,50.06924,20.01355,003,KRA216M;KRA04BAPP,"['KRA216M', 'KRA04BAPP', 'KRA31M', 'KRA03BAPP', 'KRA42N']",Outdoor,True,GOOD
KRA01APP,49.99077,19.94573,006,,"['KRA03MP', 'KRA160M', 'KRA303M', 'KRA366M', 'KRA28APP']",Outdoor,True,VERY_GOOD
KRA01B,50.07321,19.80849,003,,"['CHX01M', 'CRX01BAPP', 'KRA38BAPP']",Outdoor,True,GOOD
KRA01BAPP,50.07126,19.94079,006,,"['KRA09H', 'KRA152M', 'KRA130M', 'KRA14H', 'KRA80M']",Outdoor,True,VERY_GOOD
KRA01H,50.05589,19.92555,004,KRA137M,"['KRA137M', 'KRA280M', 'KRA423M', 'KRA02H', 'KRA09H']",Indoor,True,VERY_BAD
KRA01HP,50.05015,19.96199,004,,"['KRA10H', 'KRA281M', 'KRA146M', 'KRA72M', 'KRA09B']",Indoor,True,VERY_GOOD
KRA01M,50.03436,19.93993,004,,"['KRA17HP', 'KRA34M', 'KRA165M', 'KRA02G', 'KRA403M']",Outdoor,True,VERY_GOOD
KRA01MP,50.08652,19.89387,003,KRA272M,"['KRA272M', 'KRA16APP', 'KRA191M', 'KRA417M', 'KRA397M']",Outdoor,True,VERY_GOOD
KRA01N,50.01816,20.03431,005,,"['KRA125M', 'KRA285M', 'KRA323M', 'KRA178M', 'KRA196M']",Outdoor,True,VERY_GOOD
KRA02A,50.08854,19.90193,003,KRA71M,"['KRA397M', 'KRA417M', 'KRA105M', 'KRA203M', 'KRA191M']",Outdoor,True,VERY_GOOD
KRA02AP,50.07177,20.02873,003,KRA40N,"['KRA40N', 'KRA08BAPP', 'KRA329M', 'KRA18M', 'KRA204M']",Outdoor,True,VERY_GOOD
KRA02APP,50.00919,19.87325,006,,"['KRA106M', 'KRA20M', 'KRA208M', 'KRA407M', 'KRA197M']",Outdoor,True,VERY_GOOD
KRA02B,50.06012,19.92217,003,,"['KRA01H', 'KRA137M', 'KRA423M', 'KRA02H', 'KRA41A']",Outdoor,True,VERY_BAD
KRA02BAPP,50.08777,20.14615,006,,['KRA49N'],Outdoor,True,VERY_GOOD
KRA02BM,50.08301,20.03035,004,,"['KRA156M', 'KRA54A', 'KRA286M', 'KRA11M', 'KRA04BM']",Outdoor,True,VERY_GOOD
KRA02G,50.034,19.92477,002,,"['KRA02N', 'KRA19AP', 'KRA406M', 'KRA62M', 'KRA213M']",Outdoor,True,GOOD
KRA02H,50.07018,19.93289,004,,"['KRA09H', 'KRA01BAPP', 'KRA14H', 'KRA265M', 'KRA152M']",Indoor,True,VERY_GOOD
KRA02HO,50.08705,19.9823,004,,"['KRA31A', 'KRA07AP', 'KRA07MP', 'KRA332M', 'KRA227M']",Indoor,True,VERY_GOOD
KRA02HP,50.07882,19.89396,004,,"['KRA114M', 'KRA12BAPP', 'KRA190M', 'KRA410M', 'KRA253M']",Indoor,True,GOOD
KRA02MP,50.0871,20.005,003,,"['KRA37N', 'KRA10N', 'KRA398M', 'KRA62N', 'KRA110M']",Outdoor,True,VERY_GOOD
KRA02N,50.03307,19.92307,005,,"['KRA02G', 'KRA19AP', 'KRA62M', 'KRA406M', 'KRA23N']",Outdoor,True,GOOD
KRA03A,50.09456,20.01077,003,KRA175M,"['KRA14A', 'KRA175M', 'KRA273M', 'KRA274M', 'KRA22APP']",Outdoor,True,GOOD
KRA03APP,50.01237,20.021,006,,"['KRA23APP', 'KRA53N', 'KRA178M', 'KRA17M', 'KRA15A']",Outdoor,True,VERY_GOOD
KRA03BAPP,50.06453,20.01908,006,,"['KRA39BAPP', 'KRA361M', 'KRA311M', 'KRA04BAPP', 'KRA01AP']",Outdoor,True,VERY_BAD
KRA03C,50.00627,19.94568,001,KRA246M,"['KRA51M', 'KRA246M', 'KRA12MP', 'KRA266M', 'KRA06BAPP']",Outdoor,False,VERY_GOOD
KRA03H,50.0213,19.90274,004,KRA12H,"['KRA12H', 'KRA14MP', 'KRA19N', 'KRA47A', 'KRA120M']",Indoor,True,GOOD
KRA03HO,50.08424,19.93559,004,KRA23A;KRA95M;KRA03IM,"['KRA95M', 'KRA24APP', 'KRA269M', 'KRA209M', 'KRA24BAPP']",Indoor,True,VERY_GOOD
KRA03HP,50.0682,19.97813,004,KRA298M,"['KRA164M', 'KRA26M', 'KRA18H', 'KRA171M', 'KRA05N']",Indoor,True,VERY_GOOD
KRA03M,50.00409,19.98869,004,,"['KRA284M', 'KRA194M', 'KRA291M', 'KRA238M', 'KRA233M']",Outdoor,True,VERY_GOOD
KRA03MP,49.9936,19.94636,003,KRA160M,"['KRA160M', 'KRA303M', 'KRA366M', 'KRA28APP', 'KRA01APP']",Outdoor,True,VERY_GOOD
KRA03N,50.05478,19.95532,005,KRA271M,"['KRA271M', 'KRA154M', 'KRA152M', 'KRA16H', 'KRA80M']",Outdoor,True,VERY_GOOD
KRA04AP,50.07993,20.02129,003,,"['KRA392M', 'KRA48N', 'KRA312M', 'KRA58BAPP', 'KRA54A']",Outdoor,True,VERY_GOOD
KRA04APP,50.02005,20.01582,006,,"['KRA138M', 'KRA343M', 'KRA30M', 'KRA323M', 'KRA387M']",Outdoor,True,VERY_GOOD
KRA04B,50.0402,19.9371,003,,"['KRA165M', 'KRA59M', 'KRA01HO', 'KRA319M', 'KRA01M']",Outdoor,True,VERY_GOOD
KRA04BAPP,50.06854,20.01235,006,KRA01AP;KRA216M,"['KRA01AP', 'KRA216M', 'KRA30APP', 'KRA03BAPP', 'KRA39BAPP']",Outdoor,True,GOOD
KRA04BM,50.08721,20.02516,004,KRA23BAPP,"['KRA23BAPP', 'KRA11M', 'KRA22BAPP', 'KRA78M', 'KRA02BM']",Outdoor,True,VERY_GOOD
KRA04H,49.99787,19.89943,004,KRA302M,"['KRA229M', 'KRA33M', 'KRA29A', 'KRA197M', 'KRA259M']",Indoor,True,VERY_GOOD
KRA04HP,50.02003,20.05785,004,,"['KRA357M', 'KRA68M', 'KRA52BAPP', 'KRA359M', 'KRA20APP']",Indoor,True,VERY_GOOD
KRA04MP,50.05822,19.99973,003,,"['KRA239M', 'KRA30APP', 'KRA354M', 'KRA42N', 'KRA13BAPP']",Outdoor,True,VERY_GOOD
KRA04N,50.0387,19.96578,005,KRA90M,"['KRA90M', 'KRA88M', 'KRA28M', 'KRA06M', 'KRA146M']",Outdoor,True,VERY_GOOD
KRA05A,50.04013,19.9845,003,,"['KRA353M', 'KRA111M', 'KRA177M', 'KRA341M', 'KRA421M']",Outdoor,True,GOOD
KRA05APP,50.07237,19.98085,006,KRA16N,"['KRA18H', 'KRA411M', 'KRA409M', 'KRA16N', 'KRA424M']",Outdoor,True,VERY_GOOD
KRA05BAPP,49.98339,19.88645,006,,"['KRA157M', 'KRA304M', 'KRA370M', 'KRA336M', 'KRA33A']",Outdoor,True,VERY_GOOD
KRA05H,50.05862,19.9472,004,,"['KRA154M', 'KRA152M', 'KRA271M', 'KRA16H', 'KRA80M']",Indoor,True,VERY_GOOD
KRA05M,50.01512,19.88496,004,,"['KRA54M', 'KRA407M', 'KRA10HO', 'KRA208M', 'KRA356M']",Outdoor,True,VERY_GOOD
KRA05MP,50.071,19.9001,003,KRA65M;KRA335M,"['KRA335M', 'KRA168M', 'KRA07BAPP', 'KRA41A', 'KRA253M']",Outdoor,True,VERY_GOOD
KRA05N,50.06648,19.9617,005,,"['KRA23M', 'KRA240M', 'KRA171M', 'KRA103M', 'KRA180M']",Outdoor,True,VERY_GOOD
KRA06APP,50.07371,19.92932,006,,"['KRA262M', 'KRA02H', 'KRA09H', 'KRA265M', 'KRA87M']",Outdoor,True,VERY_GOOD
KRA06BAPP,50.0125,19.94784,006,,"['KRA266M', 'KRA246M', 'KRA122M', 'KRA25M', 'KRA316M']",Outdoor,True,VERY_GOOD
KRA06H,50.08085,19.95057,004,,"['KRA15H', 'KRA83M', 'KRA103M', 'KRA183M', 'KRA23M']",Indoor,True,VERY_GOOD
KRA06M,50.0431,19.969,004,KRA16AP;KRA09B,"['KRA72M', 'KRA09B', 'KRA16AP', 'KRA306M', 'KRA61N']",Outdoor,True,VERY_GOOD
KRA06MP,50.0664,19.9722,003,KRA164M,"['KRA164M', 'KRA171M', 'KRA05N', 'KRA26M', 'KRA18H']",Outdoor,True,VERY_GOOD
KRA07AP,50.08659,19.97395,003,,"['KRA02HO', 'KRA31A', 'KRA33BAPP', 'KRA295M', 'KRA07MP']",Outdoor,True,VERY_GOOD
KRA07APP,50.0215,19.89138,006,,"['KRA19N', 'KRA429M', 'KRA12H', 'KRA10HO', 'KRA14MP']",Outdoor,True,VERY_GOOD
KRA07B,50.09688,20.00185,003,,"['KRA12APP', 'KRA31N', 'KRA394M', 'KRA143M', 'KRA02MP']",Outdoor,True,VERY_GOOD
KRA07BAPP,50.07227,19.9053,006,,"['KRA168M', 'KRA84M', 'KRA05MP', 'KRA139M', 'KRA41A']",Outdoor,True,VERY_GOOD
KRA07H,50.06143,19.92769,004,,"['KRA01H', 'KRA137M', 'KRA02H', 'KRA09H', 'KRA262M']",Indoor,True,VERY_BAD
KRA07M,50.04094,19.9803,004,,"['KRA306M', 'KRA322M', 'KRA72M', 'KRA09B', 'KRA16AP']",Outdoor,True,VERY_GOOD
KRA07MP,50.08468,19.9741,003,,"['KRA332M', 'KRA02HO', 'KRA224M', 'KRA31A', 'KRA17AP']",Outdoor,True,VERY_GOOD
KRA07N,50.02152,19.98274,005,,"['KRA60BAPP', 'KRA64M', 'KRA74M', 'KRA218M', 'KRA116M']",Outdoor,True,VERY_GOOD
KRA08A,50.02776,19.96156,003,,"['KRA418M', 'KRA223M', 'KRA63M', 'KRA45BAPP', 'KRA182M']",Outdoor,True,VERY_GOOD
KRA08APP,50.08021,20.0081,006,,"['KRA235M', 'KRA110M', 'KRA398M', 'KRA10N', 'KRA228M']",Outdoor,True,VERY_GOOD
KRA08BAPP,50.06655,20.02769,006,,"['KRA40N', 'KRA329M', 'KRA18M', 'KRA204M', 'KRA416M']",Outdoor,True,VERY_GOOD
KRA08H,50.07683,20.02714,004,,"['KRA91M', 'KRA286M', 'KRA312M', 'KRA51N', 'KRA189M']",Indoor,True,VERY_GOOD
KRA08N,50.01723,19.99926,005,,"['KRA153M', 'KRA261M', 'KRA179M', 'KRA387M', 'KRA12M']",Outdoor,True,VERY_GOOD
KRA09AP,50.01502,20.022,003,KRA15A;KRA17M,"['KRA178M', 'KRA17M', 'KRA15A', 'KRA323M', 'KRA125M']",Outdoor,True,VERY_GOOD
KRA09APP,50.03423,19.9747,006,,"['KRA28M', 'KRA88M', 'KRA31BAPP', 'KRA04N', 'KRA90M']",Outdoor,True,VERY_GOOD
KRA09B,50.04425,19.96801,003,KRA16AP;KRA06M,"['KRA16AP', 'KRA72M', 'KRA146M', 'KRA06M', 'KRA04N']",Outdoor,True,VERY_GOOD
KRA09BAPP,50.00983,19.94822,006,,"['KRA06BAPP', 'KRA246M', 'KRA25M', 'KRA316M', 'KRA12MP']",Outdoor,True,VERY_GOOD
KRA09H,50.07069,19.93665,004,,"['KRA14H', 'KRA01BAPP', 'KRA265M', 'KRA80M', 'KRA152M']",Indoor,True,VERY_GOOD
KRA09M,50.0175,20.01065,004,,"['KRA387M', 'KRA384M', 'KRA54BAPP', 'KRA30M', 'KRA261M']",Outdoor,True,GOOD
KRA09N,50.09602,20.05079,005,KRA169M,"['KRA169M', 'KRA334M', 'KRA48BAPP', 'KRA252M', 'KRA174M']",Outdoor,True,GOOD
KRA100M,50.02095,19.92789,004,,"['KRA10MP', 'KRA119M', 'KRA46BAPP', 'KRA547', 'KRA232M']",Outdoor,True,VERY_GOOD
KRA101M,50.0782,19.87884,004,,"['KRA258M', 'KRA190M']",Outdoor,True,VERY_GOOD
KRA103M,50.06936,19.9536,004,,"['KRA81M', 'KRA15H', 'KRA23M', 'KRA131M', 'KRA40BAPP']",Outdoor,True,VERY_GOOD
KRA104M,50.09732,19.91334,004,,"['KRA389M', 'KRA58N', 'KRA148M', 'KRA40A', 'KRA27BAPP']",Outdoor,True,GOOD
KRA105M,50.08806,19.91426,004,KRA203M,"['KRA203M', 'KRA40A', 'KRA70M', 'KRA397M', 'KRA417M']",Outdoor,True,VERY_GOOD
KRA106M,50.00645,19.87811,004,,"['KRA407M', 'KRA02APP', 'KRA197M', 'KRA54M', 'KRA05M']",Outdoor,True,VERY_GOOD
KRA107M,50.04203,20.03394,004,,"['KRA49BAPP', 'KRA309M', 'KRA215M', 'KRA342M', 'KRA20APP']",Outdoor,True,GOOD
KRA109M,50.10986,20.12035,004,,"['KRZF01M', 'DQJA01M', 'KRA49N', 'KRA308M']",Outdoor,True,VERY_GOOD
KRA10A,50.1025,20.01281,003,KRA41M,"['KRA399M', 'KRA394M', 'KRA400M', 'KRA396M', 'KRA143M']",Outdoor,True,GOOD
KRA10APP,50.05449,19.91994,006,,"['KRA280M', 'KRA01H', 'KRA137M', 'KRA226M', 'KRA423M']",Outdoor,True,VERY_BAD
KRA10BAPP,50.07495,19.98922,006,,"['KRA193M', 'KRA192M', 'KRA315M', 'KRA235M', 'KRA10N']",Outdoor,True,VERY_GOOD
KRA10H,50.04925,19.95976,004,KRA281M,"['KRA281M', 'KRA146M', 'KRA72M', 'KRA09B', 'KRA16AP']",Indoor,True,VERY_GOOD
KRA10HO,50.01776,19.89313,004,,"['KRA19N', 'KRA429M', 'KRA12H', 'KRA356M', 'KRA14MP']",Indoor,True,VERY_GOOD
KRA10M,50.09229,20.0152,004,,"['KRA394M', 'KRA143M', 'KRA62N', 'KRA37N', 'KRA206M']",Outdoor,True,GOOD
KRA10MP,50.02168,19.93327,003,,"['KRA232M', 'KRA34M', 'KRA296M', 'KRA403M', 'KRA01M']",Outdoor,True,VERY_BAD
KRA10N,50.08219,20.00049,005,KRA398M;KRA110M,"['KRA398M', 'KRA110M', 'KRA08APP', 'KRA235M', 'KRA02MP']",Outdoor,True,VERY_GOOD
KRA110M,50.08185,20.00206,004,KRA398M;KRA10N,"['KRA398M', 'KRA10N', 'KRA08APP', 'KRA235M', 'KRA02MP']",Outdoor,True,VERY_GOOD
KRA111M,50.04209,19.99267,004,KRA177M;KRA15I,"['KRA177M', 'KRA341M', 'KRA46M', 'KRA385M', 'KRA353M']",Outdoor,True,VERY_GOOD
KRA112M,50.08105,19.92072,004,,"['KRA262M', 'KRA87M', 'KRA96M', 'KRA70M', 'KRA191M']",Outdoor,True,VERY_GOOD
KRA113M,50.11278,19.89853,004,,"['KRA389M', 'KRA58N', 'ZKI08M', 'ZKI03M', 'KRA212M']",Outdoor,True,GOOD
KRA114M,50.07804,19.89631,004,,"['KRA12BAPP', 'KRA190M', 'KRA410M', 'KRA253M', 'KRA139M']",Outdoor,True,GOOD
KRA116M,50.01916,19.97726,004,,"['KRA52A', 'KRA76M', 'KRA254M', 'KRA264M', 'KRA14BAPP']",Outdoor,True,VERY_GOOD
KRA117M,50.00998,19.96658,004,,"['KRA134M', 'KRA291M', 'KRA44A', 'KRA158M', 'KRA254M']",Outdoor,True,VERY_GOOD
KRA118M,50.05184,19.94911,004,KRA154M,"['KRA154M', 'KRA271M', 'KRA152M', 'KRA16H', 'KRA80M']",Outdoor,True,VERY_GOOD
KRA119M,50.01434,19.93163,004,,"['KRA547', 'KRA66M', 'KRA100M', 'KRA10MP', 'KRA219M']",Outdoor,True,VERY_GOOD
KRA11A,50.09355,20.02259,003,KRA15AP;KRA144M,"['KRA144M', 'KRA260M', 'KRA16BAPP', 'KRA03A', 'KRA14A']",Outdoor,True,GOOD
KRA11AP,50.0447,19.92134,003,,"['KRA32A', 'KRA289M', 'KRA390M', 'KRA93M', 'KRA01HO']",Outdoor,True,GOOD
KRA11APP,50.047,19.97394,006,,"['KRA72M', 'KRA09B', 'KRA16AP', 'KRA306M', 'KRA61N']",Outdoor,True,VERY_GOOD
KRA11BAPP,50.0801,20.01473,006,,"['KRA16M', 'KRA58BAPP', 'KRA37N', 'KRA228M', 'KRA275M']",Outdoor,True,VERY_GOOD
KRA11H,50.04552,19.95681,004,,"['KRA146M', 'KRA10H', 'KRA04N', 'KRA09B', 'KRA16AP']",Indoor,True,VERY_GOOD
KRA11HP,50.01214,20.00003,004,,"['KRA198M', 'KRA08N', 'KRA284M', 'KRA179M', 'KRA21M']",Indoor,True,VERY_GOOD
KRA11M,50.08727,20.02986,004,,"['KRA22BAPP', 'KRA04BM', 'KRA156M', 'KRA78M', 'KRA02BM']",Outdoor,True,VERY_GOOD
KRA11N,50.06552,19.99354,005,,"['KRA26M', 'KRA42N', 'KRA18H', 'KRA05APP', 'KRA411M']",Outdoor,True,VERY_GOOD
KRA120M,50.02279,19.90962,004,,"['KRA282M', 'KRA46A', 'KRA47A', 'KRA373M', 'KRA14MP']",Outdoor,True,VERY_GOOD
KRA121M,50.01527,19.88895,004,,"['KRA10HO', 'KRA429M', 'KRA05M', 'KRA356M', 'KRA208M']",Outdoor,True,VERY_GOOD
KRA122M,50.01771,19.95095,004,,"['KRA182M', 'KRA266M', 'KRA85M', 'KRA415M', 'KRA06BAPP']",Outdoor,True,VERY_GOOD
KRA123M,50.06401,19.96983,004,,"['KRA06MP', 'KRA164M', 'KRA128M', 'KRA89M', 'KRA171M']",Outdoor,True,VERY_GOOD
KRA124M,49.98117,19.91074,004,LIR01M,"['LIR01MP', 'LIR01M', 'KRA352M', 'KRA97M', 'KRA157M']",Outdoor,True,GOOD
KRA125M,50.01648,20.02795,004,,"['KRA178M', 'KRA323M', 'KRA01N', 'KRA17M', 'KRA23APP']",Outdoor,True,VERY_GOOD
KRA126M,50.02437,19.98256,004,KRA405M,"['KRA405M', 'KRA255M', 'KRA07N', 'KRA31BAPP', 'KRA64M']",Outdoor,True,VERY_GOOD
KRA128M,50.0616,19.96239,004,KRA89M,"['KRA89M', 'KRA180M', 'KRA23M', 'KRA240M', 'KRA171M']",Outdoor,True,VERY_GOOD
KRA12AP,50.0905,19.95973,003,,"['KRA347M', 'KRA25BAPP', 'KRA49M', 'KRA155M', 'KRA33BAPP']",Outdoor,True,VERY_GOOD
KRA12APP,50.09852,19.99856,006,,"['KRA07B', 'KRA31N', 'KRA394M', 'KRA143M', 'KRA02MP']",Outdoor,True,VERY_GOOD
KRA12BAPP,50.08042,19.89508,006,,"['KRA114M', 'KRA410M', 'KRA190M', 'KRA253M', 'KRA139M']",Outdoor,True,GOOD
KRA12H,50.02111,19.9026,004,KRA03H,"['KRA19N', 'KRA14MP', 'KRA47A', 'KRA429M', 'KRA120M']",Indoor,True,GOOD
KRA12HP,50.02534,19.96077,004,,"['KRA182M', 'KRA85M', 'KRA08A', 'KRA63M', 'KRA222M']",Indoor,True,VERY_GOOD
KRA12M,50.0244,19.99419,004,,"['KRA153M', 'KRA430M', 'KRA405M', 'KRA126M', 'KRA60BAPP']",Outdoor,True,VERY_GOOD
KRA12MP,50.00504,19.95065,003,,"['KRA246M', 'KRA25M', 'KRA316M', 'KRA51M', 'KRA06BAPP']",Outdoor,True,VERY_GOOD
KRA12N,50.08656,20.01821,005,KRA01A,"['KRA01A', 'KRA206M', 'KRA62N', 'KRA37N', 'KRA58BAPP']",Outdoor,True,VERY_GOOD
KRA130M,50.07142,19.94624,004,,"['KRA19A', 'KRA152M', 'KRA01BAPP', 'KRA80M', 'KRA14H']",Outdoor,True,VERY_GOOD
KRA131M,50.06746,19.9498,004,,"['KRA103M', 'KRA23M', 'KRA81M', 'KRA15H', 'KRA180M']",Outdoor,True,VERY_GOOD
KRA133M,50.01299,19.97948,004,,"['KRA321M', 'KRA257M', 'KRA134M', 'KRA218M', 'KRA194M']",Outdoor,True,VERY_GOOD
KRA134M,50.01189,19.97044,004,,"['KRA117M', 'KRA44A', 'KRA158M', 'KRA321M', 'KRA254M']",Outdoor,True,VERY_GOOD
KRA136M,50.07337,19.91531,004,KRA30A,"['KRA84M', 'KRA139M', 'KRA07BAPP', 'KRA55M', 'KRA410M']",Outdoor,True,VERY_GOOD
KRA137M,50.05527,19.92606,004,KRA01H,"['KRA01H', 'KRA280M', 'KRA423M', 'KRA02H', 'KRA09H']",Outdoor,True,VERY_BAD
KRA138M,50.02189,20.01556,004,,"['KRA04APP', 'KRA343M', 'KRA387M', 'KRA323M', 'KRA30M']",Outdoor,True,VERY_GOOD
KRA139M,50.07671,19.90401,004,,"['KRA410M', 'KRA253M', 'KRA114M', 'KRA168M', 'KRA55M']",Outdoor,True,VERY_GOOD
KRA13APP,50.06186,19.97291,006,,"['KRA06MP', 'KRA128M', 'KRA26M', 'KRA164M', 'KRA89M']",Outdoor,True,VERY_GOOD
KRA13BAPP,50.05022,19.99447,006,,"['KRA239M', 'KRA354M', 'KRA04MP', 'KRA322M', 'KRA46M']",Outdoor,True,VERY_GOOD
KRA13H,50.10209,19.95641,004,,"['KRA325M', 'KRA60M', 'KRA34BAPP', 'KRA32BAPP', 'KRA69M']",Indoor,True,VERY_GOOD
KRA13M,50.0875,20.02198,004,,"['KRA54A', 'KRA02BM', 'KRA297M', 'KRA51N', 'KRA11M']",Outdoor,True,VERY_GOOD
KRA140M,50.06647,20.05952,004,,"['KRA15M', 'KRA30BAPP', 'KRA14N', 'KRA161M', 'KRA18M']",Outdoor,True,VERY_GOOD
KRA141M,50.06267,20.00956,004,,"['KRA30APP', 'KRA04BAPP', 'KRA01AP', 'KRA369M', 'KRA03BAPP']",Outdoor,True,VERY_GOOD
KRA142M,50.08449,19.98387,004,,"['KRA07MP', 'KRA332M', 'KRA224M', 'KRA424M', 'KRA02HO']",Outdoor,True,VERY_GOOD
KRA143M,50.09442,20.00826,004,,"['KRA31N', 'KRA07B', 'KRA394M', 'KRA12APP', 'KRA02MP']",Outdoor,True,VERY_GOOD
KRA144M,50.09448,20.02332,004,KRA15AP;KRA11A,"['KRA260M', 'KRA16BAPP', 'KRA03A', 'KRA14A', 'KRA175M']",Outdoor,True,GOOD
KRA145M,50.00843,19.9589,004,,"['KRA25M', 'KRA316M', 'KRA318M', 'KRA355M', 'KRA291M']",Outdoor,True,VERY_GOOD
KRA146M,50.04643,19.9625,004,,"['KRA281M', 'KRA10H', 'KRA09B', 'KRA16AP', 'KRA72M']",Outdoor,True,VERY_GOOD
KRA147M,50.08777,19.94239,004,,"['KRA419M', 'KRA24APP', 'KRA201M', 'KRA277M', 'KRA03HO']",Outdoor,True,VERY_GOOD
KRA148M,50.09116,19.9206,004,,"['KRA40A', 'KRA27BAPP', 'KRA28BAPP', 'KRA203M', 'KRA105M']",Outdoor,True,VERY_GOOD
KRA149M,50.07343,19.96795,004,KRA151M,"['KRA151M', 'KRA240M', 'KRA17AP', 'KRA224M', 'KRA46N']",Outdoor,True,VERY_GOOD
KRA14A,50.09049,20.00547,003,,"['KRA273M', 'KRA175M', 'KRA22APP', 'KRA39A', 'KRA03A']",Outdoor,True,VERY_GOOD
KRA14APP,50.05469,19.91707,006,,"['KRA01H', 'KRA137M', 'KRA280M', 'KRA226M', 'KRA423M']",Outdoor,True,VERY_BAD
KRA14BAPP,50.01455,19.97442,006,,"['KRA254M', 'KRA76M', 'KRA56N', 'KRA44A', 'KRA158M']",Outdoor,True,VERY_GOOD
KRA14H,50.06743,19.93883,004,,"['KRA09H', 'KRA80M', 'KRA01BAPP', 'KRA16H', 'KRA02H']",Indoor,True,VERY_GOOD
KRA14HP,50.03566,19.93461,004,KRA307M;KRA94M,"['KRA01M', 'KRA02G', 'KRA17HP', 'KRA34M', 'KRA02N']",Indoor,True,VERY_GOOD
KRA14M,50.05182,19.9268,004,KRA432M,"['KRA432M', 'KRA93M', 'KRA11AP', 'KRA314M', 'KRA319M']",Outdoor,True,VERY_GOOD
KRA14MP,50.01883,19.90372,003,,"['KRA47A', 'KRA12H', 'KRA19N', 'KRA299M', 'KRA120M']",Outdoor,True,VERY_GOOD
KRA14N,50.05984,20.05062,005,,"['KRA30BAPP', 'KRA15M', 'KRA342M', 'KRA140M', 'KRA309M']",Outdoor,True,VERY_GOOD
KRA150M,50.097,20.02011,004,KRA58M,"['KRA58M', 'KRA234M', 'KRA396M', 'KRA394M', 'KRA399M']",Outdoor,True,GOOD
KRA151M,50.07263,19.96887,004,KRA149M,"['KRA149M', 'KRA240M', 'KRA171M', 'KRA17AP', 'KRA224M']",Outdoor,True,VERY_GOOD
KRA152M,50.06923,19.94487,004,,"['KRA130M', 'KRA01BAPP', 'KRA19A', 'KRA80M', 'KRA09H']",Outdoor,True,VERY_GOOD
KRA153M,50.0232,19.9996,004,,"['KRA12M', 'KRA430M', 'KRA08N', 'KRA387M', 'KRA405M']",Outdoor,True,VERY_GOOD
KRA154M,50.05203,19.95072,004,KRA118M,"['KRA271M', 'KRA152M', 'KRA16H', 'KRA80M', 'KRA19A']",Outdoor,True,VERY_GOOD
KRA155M,50.08452,19.95536,004,,"['KRA185M', 'KRA183M', 'KRA347M', 'KRA12AP', 'KRA22M']",Outdoor,True,VERY_GOOD
KRA156M,50.08362,20.03365,004,,"['KRA02BM', 'KRA286M', 'KRA312M', 'KRA287M', 'KRA51N']",Outdoor,True,VERY_GOOD
KRA157M,49.98422,19.89574,004,,"['KRA05BAPP', 'KRA304M', 'KRA352M', 'KRA97M', 'KRA124M']",Outdoor,True,VERY_GOOD
KRA158M,50.01538,19.96395,004,KRA44A,"['KRA44A', 'KRA187M', 'KRA56N', 'KRA222M', 'KRA415M']",Outdoor,True,VERY_GOOD
KRA159M,50.02868,19.94852,004,,"['KRA08A', 'KRA186M', 'KRA418M', 'KRA17H', 'KRA223M']",Outdoor,True,VERY_GOOD
KRA15A,50.01497,20.02225,003,KRA09AP;KRA17M,"['KRA09AP', 'KRA178M', 'KRA17M', 'KRA323M', 'KRA125M']",Outdoor,True,VERY_GOOD
KRA15AP,50.09368,20.02384,003,KRA11A;KRA144M,"['KRA144M', 'KRA260M', 'KRA16BAPP', 'KRA03A', 'KRA14A']",Outdoor,True,GOOD
KRA15APP,50.07732,20.04125,006,KRA176M,"['KRA286M', 'KRA91M', 'KRA161M', 'KRA02BM', 'KRA08H']",Outdoor,True,VERY_GOOD
KRA15BAPP,50.01828,19.92349,006,,"['KRA21BAPP', 'KRA365M', 'KRA100M', 'KRA547', 'KRA66M']",Outdoor,True,VERY_GOOD
KRA15H,50.07238,19.95241,004,,"['KRA103M', 'KRA81M', 'KRA23M', 'KRA131M', 'KRA240M']",Indoor,True,VERY_GOOD
KRA15HP,50.04443,19.94798,004,,"['KRA35M', 'KRA338M', 'KRA17H', 'KRA186M', 'KRA146M']",Indoor,True,GOOD
KRA15M,50.06943,20.05194,004,,"['KRA30BAPP', 'KRA140M', 'KRA14N', 'KRA161M', 'KRA18M']",Outdoor,True,VERY_GOOD
KRA15N,50.01565,20.05301,005,,"['KRA196M', 'KRA425M', 'KRA01N', 'KRA285M', 'KRA125M']",Outdoor,True,VERY_GOOD
KRA160M,49.99474,19.9461,004,KRA03MP,"['KRA303M', 'KRA366M', 'KRA01APP', 'KRA03MP', 'KRA344M']",Outdoor,True,VERY_GOOD
KRA161M,50.08153,20.04798,004,,"['KRA15APP', 'KRA287M', 'KRA43A', 'KRA156M', 'KRA22BAPP']",Outdoor,True,VERY_GOOD
KRA163M,50.09783,19.88858,004,,"['KRA212M', 'KRA393M', 'KRA28N', 'KRA270M', 'KRA50BAPP']",Outdoor,True,VERY_GOOD
KRA164M,50.06672,19.97156,004,KRA06MP,"['KRA171M', 'KRA05N', 'KRA151M', 'KRA23M', 'KRA240M']",Outdoor,True,VERY_GOOD
KRA165M,50.0435,19.9361,004,,"['KRA59M', 'KRA01HO', 'KRA319M', 'KRA314M', 'KRA01M']",Outdoor,True,GOOD
KRA166M,50.03867,19.99652,004,KRA52M;KRA422M,"['KRA422M', 'KRA52M', 'KRA353M', 'KRA111M', 'KRA177M']",Outdoor,True,GOOD
KRA167M,50.00713,20.01279,004,,"['KRA233M', 'KRA21M', 'KRA179M', 'KRA384M', 'KRA53N']",Outdoor,True,VERY_GOOD
KRA168M,50.07236,19.90091,004,,"['KRA07BAPP', 'KRA84M', 'KRA253M', 'KRA410M', 'KRA05MP']",Outdoor,True,VERY_GOOD
KRA169M,50.09564,20.05261,004,KRA09N,"['KRA48BAPP', 'KRA09N', 'KRA252M', 'KRA334M', 'KRA174M']",Outdoor,True,GOOD
KRA16A,50.09717,19.97405,003,,"['KRA73M', 'KRA295M', 'KRA07AP', 'KRA07MP', 'KRA29BAPP']",Outdoor,True,GOOD
KRA16AP,50.04401,19.96755,003,KRA09B;KRA06M,"['KRA09B', 'KRA72M', 'KRA146M', 'KRA06M', 'KRA04N']",Outdoor,True,VERY_GOOD
KRA16APP,50.0841,19.90302,006,,"['KRA191M', 'KRA417M', 'KRA272M', 'KRA01MP', 'KRA397M']",Outdoor,True,VERY_GOOD
KRA16BAPP,50.09442,20.01603,006,,"['KRA144M', 'KRA260M', 'KRA03A', 'KRA175M', 'KRA273M']",Outdoor,True,GOOD
KRA16H,50.06314,19.94183,004,,"['KRA80M', 'KRA152M', 'KRA130M', 'KRA01BAPP', 'KRA19A']",Indoor,True,VERY_GOOD
KRA16HP,50.05717,19.9653,004,,"['KRA128M', 'KRA89M', 'KRA26M', 'KRA06MP', 'KRA164M']",Indoor,True,VERY_GOOD
KRA16M,50.07777,20.01396,004,,"['KRA11BAPP', 'KRA228M', 'KRA275M', 'KRA58BAPP', 'KRA235M']",Outdoor,True,VERY_GOOD
KRA16N,50.07284,19.98028,005,KRA05APP,"['KRA05APP', 'KRA411M', 'KRA18H', 'KRA409M', 'KRA424M']",Outdoor,True,VERY_GOOD
KRA171M,50.06752,19.96488,004,,"['KRA05N', 'KRA240M', 'KRA151M', 'KRA23M', 'KRA149M']",Outdoor,True,VERY_GOOD
KRA173M,50.01602,19.90659,004,KRA35N,"['KRA47A', 'KRA14MP', 'KRA299M', 'KRA12H', 'KRA120M']",Outdoor,True,VERY_GOOD
KRA174M,50.09498,20.06237,004,,"['KRA35BAPP', 'KRA169M', 'KRA252M', 'KRA09N', 'KRA48BAPP']",Outdoor,True,VERY_GOOD
KRA175M,50.09357,20.01151,004,KRA03A,"['KRA03A', 'KRA14A', 'KRA273M', 'KRA144M', 'KRA22APP']",Outdoor,True,GOOD
KRA176M,50.07684,20.04111,004,KRA15APP,"['KRA15APP', 'KRA286M', 'KRA91M', 'KRA161M', 'KRA02BM']",Outdoor,True,VERY_GOOD
KRA177M,50.04203,19.99324,004,KRA111M;KRA341M;KRA15I,"['KRA111M', 'KRA341M', 'KRA46M', 'KRA385M', 'KRA353M']",Outdoor,True,VERY_GOOD
KRA178M,50.01479,20.02853,004,,"['KRA125M', 'KRA17M', 'KRA23APP', 'KRA323M', 'KRA15A']",Outdoor,True,GOOD
KRA179M,50.01316,20.00847,004,,"['KRA21M', 'KRA384M', 'KRA167M', 'KRA08N', 'KRA09M']",Outdoor,True,VERY_GOOD
KRA17AP,50.07781,19.96948,003,,"['KRA46N', 'KRA224M', 'KRA149M', 'KRA151M', 'KRA240M']",Outdoor,True,VERY_GOOD
KRA17APP,50.04539,19.92918,006,,"['KRA319M', 'KRA01HO', 'KRA59M', 'KRA93M', 'KRA11AP']",Outdoor,True,VERY_GOOD
KRA17BAPP,50.08098,19.88787,006,,"['KRA412M', 'KRA24A', 'KRA190M', 'KRA258M', 'KRA335M']",Outdoor,True,VERY_GOOD
KRA17H,50.04097,19.93959,004,,"['KRA186M', 'KRA35M', 'KRA338M', 'KRA159M', 'KRA146M']",Outdoor,True,VERY_GOOD
KRA17HP,50.03569,19.94074,004,,"['KRA01M', 'KRA34M', 'KRA165M', 'KRA403M', 'KRA02G']",Indoor,True,VERY_GOOD
KRA17M,50.01526,20.02072,004,KRA09AP;KRA15A,"['KRA15A', 'KRA09AP', 'KRA178M', 'KRA323M', 'KRA125M']",Outdoor,True,VERY_GOOD
KRA17N,50.05836,19.94936,005,,"['KRA271M', 'KRA154M', 'KRA152M', 'KRA16H', 'KRA80M']",Outdoor,True,VERY_GOOD
KRA180M,50.06637,19.96704,004,,"['KRA06MP', 'KRA164M', 'KRA171M', 'KRA05N', 'KRA26M']",Outdoor,True,VERY_GOOD
KRA181M,49.98519,19.98631,004,,"['KRA346M', 'GKX01M']",Outdoor,True,VERY_GOOD
KRA182M,50.02089,19.95982,004,KRA85M,"['KRA85M', 'KRA63M', 'KRA222M', 'KRA223M', 'KRA56N']",Outdoor,True,VERY_GOOD
KRA183M,50.08279,19.95268,004,,"['KRA185M', 'KRA06H', 'KRA155M', 'KRA383M', 'KRA347M']",Outdoor,True,VERY_GOOD
KRA185M,50.08203,19.95463,004,,"['KRA183M', 'KRA155M', 'KRA06H', 'KRA383M', 'KRA347M']",Outdoor,True,VERY_GOOD
KRA186M,50.03908,19.93879,004,,"['KRA17H', 'KRA35M', 'KRA338M', 'KRA159M', 'KRA146M']",Outdoor,True,VERY_GOOD
KRA187M,50.01504,19.95921,004,,"['KRA415M', 'KRA222M', 'KRA158M', 'KRA44A', 'KRA25A']",Outdoor,True,VERY_GOOD
KRA188M,50.09411,19.87423,004,,"['KRA393M', 'KRA305M', 'KRA212M', 'KRA50BAPP', 'KRA242M']",Outdoor,True,VERY_GOOD
KRA189M,50.07754,20.02328,004,,"['KRA275M', 'KRA312M', 'KRA38A', 'KRA08H', 'KRA228M']",Outdoor,True,VERY_GOOD
KRA18A,50.08927,19.94876,003,,"['KRA288M', 'KRA225M', 'KRA349M', 'KRA32BAPP', 'KRA60M']",Outdoor,True,VERY_GOOD
KRA18APP,50.04334,19.92604,006,,"['KRA93M', 'KRA32A', 'KRA289M', 'KRA319M', 'KRA01HO']",Outdoor,True,GOOD
KRA18BAPP,50.0556,20.20175,006,,"['NIE10M', 'NIE04M']",Outdoor,True,VERY_GOOD
KRA18H,50.07052,19.98083,004,,"['KRA164M', 'KRA05APP', 'KRA411M', 'KRA26M', 'KRA424M']",Outdoor,True,VERY_GOOD
KRA18HP,49.9999,19.89698,004,KRA33M;KRA229M,,Indoor,True,VERY_GOOD
KRA18M,50.07023,20.03964,004,KRA204M,"['KRA204M', 'KRA416M', 'KRA15M', 'KRA30BAPP', 'KRA140M']",Outdoor,True,VERY_GOOD
KRA190M,50.0824,19.88786,004,,"['KRA114M', 'KRA42BAPP', 'KRA12BAPP', 'KRA410M', 'KRA24A']",Outdoor,True,VERY_GOOD
KRA191M,50.08254,19.90816,004,KRA04IM,"['KRA397M', 'KRA16APP', 'KRA417M', 'KRA70M', 'KRA410M']",Outdoor,True,VERY_GOOD
KRA192M,50.07509,19.9991,004,KRA193M,"['KRA193M', 'KRA10BAPP', 'KRA315M', 'KRA235M', 'KRA10N']",Outdoor,True,VERY_GOOD
KRA193M,50.07466,19.99768,004,KRA192M,"['KRA192M', 'KRA10BAPP', 'KRA315M', 'KRA235M', 'KRA10N']",Outdoor,True,VERY_GOOD
KRA194M,50.00422,19.98392,004,,"['KRA03M', 'KRA284M', 'KRA238M', 'KRA291M', 'KRA134M']",Outdoor,True,VERY_GOOD
KRA195M,50.10367,19.94519,004,,"['KRA34A', 'KRA247M', 'KRA32BAPP', 'KRA225M', 'KRA325M']",Outdoor,True,GOOD
KRA196M,50.01547,20.0418,004,,"['KRA285M', 'KRA01N', 'KRA15N', 'KRA425M', 'KRA125M']",Outdoor,True,VERY_GOOD
KRA197M,50.00655,19.88916,004,,"['KRA29A', 'KRA259M', 'KRA106M', 'KRA356M', 'KRA407M']",Outdoor,True,VERY_GOOD
KRA198M,50.0075,20.00152,004,,"['KRA21M', 'KRA179M', 'KRA167M', 'KRA08N', 'KRA384M']",Outdoor,True,VERY_GOOD
KRA199M,50.08394,19.99646,004,,"['KRA45A', 'KRA10N', 'KRA398M', 'KRA110M', 'KRA02MP']",Outdoor,True,VERY_GOOD
KRA19A,50.06848,19.94674,003,,"['KRA130M', 'KRA01BAPP', 'KRA152M', 'KRA80M', 'KRA09H']",Outdoor,True,VERY_GOOD
KRA19AP,50.03058,19.91845,003,KRA23HP,"['KRA02N', 'KRA62M', 'KRA02G', 'KRA406M', 'KRA46BAPP']",Outdoor,True,VERY_GOOD
KRA19APP,50.04079,19.99615,006,KRA341M,"['KRA341M', 'KRA111M', 'KRA177M', 'KRA46M', 'KRA385M']",Outdoor,True,GOOD
KRA19H,50.09969,19.95351,004,KRA66BAPP,,Indoor,True,VERY_GOOD
KRA19HP,50.0525,19.94188,004,,,Indoor,True,VERY_GOOD
KRA19M,50.08524,19.85185,004,,"['KRA294M', 'KRA428M', 'KRA258M', 'KRA42BAPP', 'RASA01BAPP']",Outdoor,True,VERY_GOOD
KRA19N,50.02087,19.89919,005,,"['KRA12H', 'KRA14MP', 'KRA429M', 'KRA47A', 'KRA07APP']",Outdoor,True,VERY_GOOD
KRA200M,50.08627,19.88129,004,,"['KRA305M', 'KRA393M', 'KRA188M', 'KRA50BAPP', 'KRA212M']",Outdoor,True,VERY_GOOD
KRA201M,50.08371,19.94648,004,KRA277M,"['KRA277M', 'KRA24BAPP', 'KRA24APP', 'KRA419M', 'KRA03HO']",Outdoor,True,VERY_GOOD
KRA202M,49.97969,19.94921,004,,"['KRA362M', 'WRC01M', 'WRC02BAPP', 'KRA366M', 'KRA344M']",Outdoor,True,VERY_GOOD
KRA203M,50.08767,19.91491,004,KRA105M,"['KRA105M', 'KRA40A', 'KRA70M', 'KRA397M', 'KRA417M']",Outdoor,True,VERY_GOOD
KRA204M,50.0704,20.04097,004,KRA18M,['KRA18M'],Outdoor,True,VERY_GOOD
KRA205M,50.05128,20.12835,004,,['KRA364M'],Outdoor,True,GOOD
KRA206M,50.08704,20.0149,004,,"['KRA62N', 'KRA12N', 'KRA37N', 'KRA01A', 'KRA58BAPP']",Outdoor,True,VERY_GOOD
KRA207M,50.07458,19.90132,004,,"['KRA168M', 'KRA253M', 'KRA410M', 'KRA07BAPP', 'KRA114M']",Outdoor,True,VERY_GOOD
KRA208M,50.01644,19.88116,004,,"['KRA05M', 'KRA20M', 'KRA10HO', 'KRA54M', 'KRA407M']",Outdoor,True,VERY_GOOD
KRA209M,50.08418,19.92727,004,,"['KRA20BAPP', 'KRA96M', 'KRA269M', 'KRA03HO', 'KRA95M']",Outdoor,True,VERY_GOOD
KRA20A,50.01133,19.9754,003,KRA321M,"['KRA321M', 'KRA134M', 'KRA257M', 'KRA117M', 'KRA44A']",Outdoor,True,VERY_GOOD
KRA20APP,50.03086,20.04062,006,,"['KRA52BAPP', 'KRA309M', 'KRA359M', 'KRA68M', 'KRA49BAPP']",Outdoor,True,VERY_GOOD
KRA20BAPP,50.08579,19.92675,006,,"['KRA209M', 'KRA96M', 'KRA269M', 'KRA408M', 'KRA27BAPP']",Outdoor,True,VERY_GOOD
KRA20HP,50.08216,20.01668,004,KRA57BAPP,,Indoor,True,VERY_GOOD
KRA20M,50.01906,19.87524,004,,"['KRA208M', 'KRA02APP', 'KRA05M', 'KRA106M', 'KRA407M']",Outdoor,True,VERY_GOOD
KRA20N,50.04903,19.98797,005,,"['KRA322M', 'KRA46M', 'KRA306M', 'KRA07M', 'KRA111M']",Outdoor,True,VERY_GOOD
KRA210M,50.0942,19.93346,004,,"['KRA375M', 'KRA367M', 'KRA290M', 'KRA427M', 'KRA217M']",Outdoor,True,VERY_GOOD
KRA211M,50.03541,19.8202,004,,"['KRA28A', 'KRA214M']",Outdoor,True,VERY_GOOD
KRA212M,50.10018,19.88424,004,,"['KRA163M', 'KRA393M', 'KRA28N', 'KRA270M', 'KRA50BAPP']",Outdoor,True,VERY_GOOD
KRA213M,50.02742,19.92958,004,KRA236M,"['KRA236M', 'KRA231M', 'KRA34M', 'KRA403M', 'KRA406M']",Outdoor,True,VERY_GOOD
KRA214M,50.04399,19.82761,004,,"['KRA28A', 'KRA211M']",Outdoor,True,GOOD
KRA216M,50.06982,20.01221,004,KRA01AP;KRA04BAPP,"['KRA04BAPP', 'KRA01AP', 'KRA03BAPP', 'KRA42N', 'KRA30APP']",Outdoor,True,GOOD
KRA217M,50.0945,19.92615,004,,"['KRA290M', 'KRA427M', 'KRA148M', 'KRA27BAPP', 'KRA28BAPP']",Outdoor,True,VERY_GOOD
KRA218M,50.0168,19.99104,004,KRA70BAPP,"['KRA60BAPP', 'KRA257M', 'KRA74M', 'KRA08N', 'KRA321M']",Outdoor,True,GOOD
KRA219M,50.01128,19.92601,004,KRA66M,"['KRA66M', 'KRA267M', 'KRA119M', 'KRA100M', 'KRA10MP']",Outdoor,True,VERY_GOOD
KRA21A,50.06525,19.87727,003,,"['KRA24A', 'KRA412M', 'KRA258M', 'KRA42BAPP', 'KRA17BAPP']",Outdoor,True,VERY_GOOD
KRA21APP,50.04503,20.00058,006,,"['KRA111M', 'KRA177M', 'KRA341M', 'KRA46M', 'KRA322M']",Outdoor,True,VERY_GOOD
KRA21BAPP,50.01372,19.92029,006,,"['KRA237M', 'KRA365M', 'KRA100M', 'KRA547', 'KRA66M']",Outdoor,True,VERY_GOOD
KRA21HP,50.06677,19.92209,004,,,Indoor,True,VERY_GOOD
KRA21M,50.01136,20.01126,004,,"['KRA179M', 'KRA384M', 'KRA167M', 'KRA09M', 'KRA54BAPP']",Outdoor,True,VERY_GOOD
KRA220M,50.06771,19.84742,004,KRA391M,"['KRA391M', 'KRA38BAPP', 'KRA428M', 'KRA294M', 'KRA19M']",Outdoor,True,GOOD
KRA221M,50.02141,19.95524,004,,"['KRA182M', 'KRA122M', 'KRA85M', 'KRA63M', 'KRA222M']",Outdoor,True,VERY_GOOD
KRA222M,50.01714,19.95957,004,,"['KRA187M', 'KRA85M', 'KRA415M', 'KRA182M', 'KRA158M']",Outdoor,True,VERY_GOOD
KRA223M,50.02381,19.96328,004,,"['KRA63M', 'KRA08A', 'KRA182M', 'KRA418M', 'KRA85M']",Outdoor,True,VERY_GOOD
KRA224M,50.07927,19.97116,004,KRA46N,"['KRA46N', 'KRA17AP', 'KRA149M', 'KRA332M', 'KRA151M']",Outdoor,True,VERY_GOOD
KRA225M,50.09067,19.94369,004,,"['KRA18A', 'KRA419M', 'KRA288M', 'KRA247M', 'KRA24APP']",Outdoor,True,GOOD
KRA226M,50.04722,19.8995,004,,"['KRA280M', 'KRA27N', 'KRA423M']",Outdoor,True,VERY_GOOD
KRA227M,50.09313,19.99494,004,,"['KRA39A', 'KRA301M', 'KRA274M', 'KRA73M', 'KRA31A']",Outdoor,True,VERY_GOOD
KRA228M,50.07486,20.01218,004,,"['KRA193M', 'KRA235M', 'KRA315M', 'KRA192M', 'KRA10N']",Outdoor,True,VERY_GOOD
KRA229M,49.99872,19.8968,004,KRA33M;KRA18HP,"['KRA33M', 'KRA04H', 'KRA29A', 'KRA197M', 'KRA259M']",Outdoor,True,VERY_GOOD
KRA22APP,50.08913,20.00399,006,,"['KRA14A', 'KRA273M', 'KRA175M', 'KRA39A', 'KRA301M']",Outdoor,True,VERY_GOOD
KRA22BAPP,50.08625,20.03139,006,,"['KRA11M', 'KRA156M', 'KRA04BM', 'KRA287M', 'KRA02BM']",Outdoor,True,VERY_GOOD
KRA22HP,50.0815,19.97475,004,,,Indoor,True,VERY_GOOD
KRA22M,50.08461,19.96237,004,KRA333M,"['KRA07MP', 'KRA332M', 'KRA07AP', 'KRA46N', 'KRA224M']",Outdoor,True,VERY_GOOD
KRA230M,50.06522,19.86614,004,,"['KRA220M', 'KRA391M', 'KRA27N', 'KRA412M', 'KRA258M']",Outdoor,True,VERY_GOOD
KRA231M,50.02366,19.93093,004,,"['KRA236M', 'KRA213M', 'KRA34M', 'KRA403M', 'KRA406M']",Outdoor,True,VERY_GOOD
KRA232M,50.02169,19.9379,004,,"['KRA10MP', 'KRA296M', 'KRA34M', 'KRA403M', 'KRA01M']",Outdoor,True,VERY_BAD
KRA233M,50.00527,20.0069,004,,"['KRA167M', 'KRA21M', 'KRA179M', 'KRA03M', 'KRA384M']",Outdoor,True,VERY_GOOD
KRA234M,50.09846,20.025,004,,"['KRA150M', 'KRA58M', 'KRA396M', 'KRA394M', 'KRA11M']",Outdoor,True,GOOD
KRA235M,50.07555,20.00581,004,,"['KRA08APP', 'KRA228M', 'KRA275M', 'KRA110M', 'KRA16M']",Outdoor,True,VERY_GOOD
KRA236M,50.02626,19.93038,004,KRA213M,"['KRA213M', 'KRA231M', 'KRA34M', 'KRA403M', 'KRA406M']",Outdoor,True,VERY_GOOD
KRA237M,50.01116,19.90828,004,,"['KRA251M', 'KRA29A', 'KRA21BAPP', 'KRA197M', 'KRA259M']",Outdoor,True,VERY_GOOD
KRA238M,49.99439,19.98898,004,,"['KRA194M', 'KRA03M', 'KRA284M', 'KRA291M', 'KRA233M']",Outdoor,True,VERY_GOOD
KRA239M,50.05165,19.98964,004,,"['KRA13BAPP', 'KRA354M', 'KRA04MP', 'KRA322M', 'KRA46M']",Outdoor,True,VERY_GOOD
KRA23A,50.08448,19.93652,003,KRA03HO,"['KRA03HO', 'KRA95M', 'KRA24APP', 'KRA269M', 'KRA419M']",Outdoor,True,VERY_GOOD
KRA23APP,50.01183,20.02793,006,,"['KRA03APP', 'KRA178M', 'KRA53N', 'KRA125M', 'KRA285M']",Outdoor,True,GOOD
KRA23BAPP,50.08747,20.02697,006,KRA04BM,"['KRA04BM', 'KRA11M', 'KRA22BAPP', 'KRA78M', 'KRA02BM']",Outdoor,True,VERY_GOOD
KRA23H,50.0624,19.9436,004,,,Indoor,True,VERY_GOOD
KRA23HP,50.03063,19.91863,004,KRA19AP,,Indoor,True,VERY_GOOD
KRA23M,50.06659,19.95742,004,,"['KRA131M', 'KRA180M', 'KRA89M', 'KRA128M', 'KRA103M']",Outdoor,True,VERY_GOOD
KRA23N,50.02922,19.91273,005,,"['KRA372M', 'KRA26A', 'KRA62M', 'KRA46A', 'KRA282M']",Outdoor,True,GOOD
KRA240M,50.069904,19.9625,004,,"['KRA149M', 'KRA171M', 'KRA151M', 'KRA23M', 'KRA05N']",Outdoor,True,VERY_GOOD
KRA241M,50.0319,19.89669,004,,"['KRA382M', 'KRA67M', 'KRA44BAPP', 'KRA372M', 'KRA26A']",Outdoor,True,VERY_GOOD
KRA242M,50.08776,19.89805,004,,"['KRA272M', 'KRA01MP', 'KRA16APP', 'KRA191M', 'KRA417M']",Outdoor,True,VERY_GOOD
KRA243M,50.09591,19.90447,004,,"['KRA270M', 'KRA104M', 'KRA71M', 'KRA163M', 'KRA212M']",Outdoor,True,VERY_GOOD
KRA244M,50.09391,19.99003,004,KRA340M,"['KRA227M', 'KRA39A', 'KRA301M', 'KRA73M', 'KRA274M']",Outdoor,True,VERY_GOOD
KRA245M,50.03912,19.927,004,,"['KRA32A', 'KRA289M', 'KRA390M', 'KRA11AP', 'KRA01HO']",Outdoor,True,GOOD
KRA246M,50.00623,19.94729,004,KRA03C,"['KRA12MP', 'KRA25M', 'KRA316M', 'KRA06BAPP', 'KRA51M']",Outdoor,True,VERY_GOOD
KRA247M,50.09656,19.94759,004,,"['KRA32BAPP', 'KRA60M', 'KRA225M', 'KRA34A', 'KRA195M']",Outdoor,True,GOOD
KRA249M,50.02634,19.91758,004,,"['KRA46BAPP', 'KRA62M', 'KRA23N', 'KRA372M', 'KRA46A']",Outdoor,True,VERY_GOOD
KRA24A,50.08137,19.8825,003,,"['KRA42BAPP', 'KRA190M', 'KRA305M', 'KRA258M', 'KRA412M']",Outdoor,True,VERY_GOOD
KRA24APP,50.0867,19.93763,006,,"['KRA419M', 'KRA03HO', 'KRA95M', 'KRA269M', 'KRA24BAPP']",Outdoor,True,VERY_GOOD
KRA24BAPP,50.08512,19.94228,006,,"['KRA277M', 'KRA201M', 'KRA24APP', 'KRA419M', 'KRA03HO']",Outdoor,True,VERY_GOOD
KRA24HP,50.07406,19.93513,004,,,Indoor,True,VERY_GOOD
KRA24M,50.07554,19.91944,004,,"['KRA112M', 'KRA262M', 'KRA87M', 'KRA96M', 'KRA70M']",Outdoor,True,VERY_GOOD
KRA250M,50.0805,19.92341,004,,"['KRA112M', 'KRA262M', 'KRA96M', 'KRA87M', 'KRA209M']",Outdoor,True,VERY_GOOD
KRA251M,50.01215,19.90499,004,,"['KRA259M', 'KRA237M', 'KRA29A', 'KRA429M', 'KRA47A']",Outdoor,True,VERY_GOOD
KRA252M,50.09139,20.05652,004,,"['KRA48BAPP', 'KRA169M', 'KRA09N', 'KRA174M', 'KRA35BAPP']",Outdoor,True,VERY_GOOD
KRA253M,50.07563,19.89861,004,,"['KRA114M', 'KRA410M', 'KRA12BAPP', 'KRA168M', 'KRA190M']",Outdoor,True,GOOD
KRA254M,50.01557,19.97004,004,,"['KRA44A', 'KRA158M', 'KRA134M', 'KRA117M', 'KRA47BAPP']",Outdoor,True,VERY_GOOD
KRA255M,50.02289,19.98128,004,,"['KRA64M', 'KRA116M', 'KRA74M', 'KRA52A', 'KRA126M']",Outdoor,True,VERY_GOOD
KRA256M,50.04191,20.00277,004,,"['KRA21APP', 'KRA111M', 'KRA177M', 'KRA341M', 'KRA353M']",Outdoor,True,VERY_GOOD
KRA258M,50.07956,19.87153,004,,"['KRA42BAPP', 'KRA24A', 'KRA412M', 'KRA294M', 'KRA190M']",Outdoor,True,VERY_GOOD
KRA259M,50.0105,19.89779,004,,"['KRA251M', 'KRA197M', 'KRA29A', 'KRA429M', 'KRA47A']",Outdoor,True,VERY_GOOD
KRA25A,50.01105,19.96271,003,,"['KRA415M', 'KRA47BAPP', 'KRA187M', 'KRA44A', 'KRA158M']",Outdoor,True,VERY_GOOD
KRA25APP,50.09869,19.99478,006,,"['KRA12APP', 'KRA07B', 'KRA31N', 'KRA394M', 'KRA143M']",Outdoor,True,VERY_GOOD
KRA25BAPP,50.09715,19.96388,006,KRA49M,"['KRA49M', 'KRA29BAPP', 'KRA347M', 'KRA12AP', 'KRA155M']",Outdoor,True,GOOD
KRA25H,50.04491,19.95065,004,,,Indoor,True,VERY_GOOD
KRA25M,50.00852,19.9533,004,,"['KRA316M', 'KRA246M', 'KRA12MP', 'KRA06BAPP', 'KRA355M']",Outdoor,True,VERY_GOOD
KRA260M,50.09366,20.02617,004,,"['KRA144M', 'KRA16BAPP', 'KRA03A', 'KRA14A', 'KRA175M']",Outdoor,True,VERY_GOOD
KRA261M,50.01831,20.00524,004,,"['KRA387M', 'KRA09M', 'KRA08N', 'KRA138M', 'KRA179M']",Outdoor,True,VERY_GOOD
KRA262M,50.07673,19.92777,004,KRA87M,"['KRA87M', 'KRA112M', 'KRA96M', 'KRA265M', 'KRA09H']",Outdoor,True,VERY_GOOD
KRA263M,50.01552,19.87435,004,,"['KRA20M', 'KRA208M', 'KRA02APP', 'KRA05M', 'KRA106M']",Outdoor,True,VERY_GOOD
KRA264M,50.02131,19.96973,004,,"['KRA268M', 'KRA45BAPP', 'KRA63M', 'KRA223M', 'KRA52A']",Outdoor,True,VERY_GOOD
KRA265M,50.07728,19.93714,004,,"['KRA09H', 'KRA262M', 'KRA03HO', 'KRA01BAPP', 'KRA14H']",Outdoor,True,VERY_GOOD
KRA266M,50.01555,19.94575,004,,"['KRA122M', 'KRA182M', 'KRA85M', 'KRA159M', 'KRA06BAPP']",Outdoor,True,VERY_GOOD
KRA267M,50.00543,19.92487,004,,"['KRA350M', 'KRA66M', 'KRA219M', 'KRA119M', 'KRA100M']",Outdoor,True,VERY_GOOD
KRA268M,50.02058,19.9676,004,,"['KRA264M', 'KRA45BAPP', 'KRA63M', 'KRA223M', 'KRA52A']",Outdoor,True,VERY_GOOD
KRA269M,50.08482,19.93084,004,,"['KRA209M', 'KRA03HO', 'KRA20BAPP', 'KRA95M', 'KRA96M']",Outdoor,True,VERY_GOOD
KRA26A,50.0298,19.91078,003,,"['KRA372M', 'KRA23N', 'KRA62M', 'KRA46A', 'KRA32APP']",Outdoor,True,GOOD
KRA26BAPP,50.08989,19.92851,006,KRA408M;KRA440M,"['KRA408M', 'KRA28BAPP', 'KRA27BAPP', 'KRA269M', 'KRA419M']",Outdoor,True,VERY_GOOD
KRA26M,50.0615,19.97959,004,,"['KRA128M', 'KRA06MP', 'KRA89M', 'KRA180M', 'KRA164M']",Outdoor,True,VERY_GOOD
KRA270M,50.09271,19.90145,004,,"['KRA71M', 'KRA28N', 'KRA163M', 'KRA50BAPP', 'KRA104M']",Outdoor,True,VERY_GOOD
KRA271M,50.05411,19.95688,004,KRA03N,"['KRA154M', 'KRA152M', 'KRA16H', 'KRA80M', 'KRA19A']",Outdoor,True,VERY_GOOD
KRA272M,50.08639,19.89455,004,KRA01MP,"['KRA01MP', 'KRA16APP', 'KRA191M', 'KRA417M', 'KRA397M']",Outdoor,True,VERY_GOOD
KRA273M,50.09149,20.00207,004,,"['KRA14A', 'KRA274M', 'KRA175M', 'KRA22APP', 'KRA03A']",Outdoor,True,VERY_GOOD
KRA274M,50.09362,20.00148,004,,"['KRA273M', 'KRA14A', 'KRA175M', 'KRA03A', 'KRA227M']",Outdoor,True,VERY_GOOD
KRA275M,50.07614,20.01483,004,,"['KRA228M', 'KRA16M', 'KRA11BAPP', 'KRA235M', 'KRA58BAPP']",Outdoor,True,VERY_GOOD
KRA276M,50.06906,20.16691,004,,['KRA364M'],Outdoor,True,GOOD
KRA277M,50.0839,19.94541,004,KRA201M,"['KRA201M', 'KRA24BAPP', 'KRA24APP', 'KRA419M', 'KRA03HO']",Outdoor,True,VERY_GOOD
KRA278M,50.11827,19.9415,004,,"['ZKI02MP', 'KRA195M', 'KRA34A', 'BBC04M', 'KRA34BAPP']",Outdoor,True,VERY_GOOD
KRA279M,50.07896,19.88491,004,,"['KRA24A', 'KRA42BAPP', 'KRA258M', 'KRA190M', 'KRA412M']",Outdoor,True,VERY_GOOD
KRA27A,50.06953,19.90591,003,KRA51A,"['KRA07BAPP', 'KRA05MP', 'KRA41A', 'KRA168M', 'KRA84M']",Outdoor,True,VERY_GOOD
KRA27BAPP,50.08942,19.92336,006,,"['KRA408M', 'KRA148M', 'KRA28BAPP', 'KRA40A', 'KRA26BAPP']",Outdoor,True,VERY_GOOD
KRA27N,50.04763,19.87164,005,,['KRA226M'],Outdoor,True,VERY_GOOD
KRA280M,50.0512,19.90786,004,,"['KRA226M', 'KRA01H', 'KRA137M', 'KRA423M', 'KRA41A']",Outdoor,True,VERY_GOOD
KRA281M,50.04848,19.96015,004,KRA10H,"['KRA10H', 'KRA146M', 'KRA72M', 'KRA04N', 'KRA90M']",Outdoor,True,VERY_GOOD
KRA282M,50.02412,19.91062,004,,"['KRA120M', 'KRA46A', 'KRA47A', 'KRA373M', 'KRA14MP']",Outdoor,True,GOOD
KRA284M,50.00612,19.99106,004,,"['KRA03M', 'KRA194M', 'KRA198M', 'KRA238M', 'KRA233M']",Outdoor,True,VERY_GOOD
KRA285M,50.01417,20.03683,004,,"['KRA196M', 'KRA01N', 'KRA23APP', 'KRA125M', 'KRA323M']",Outdoor,True,GOOD
KRA286M,50.07953,20.0324,004,,"['KRA91M', 'KRA08H', 'KRA02BM', 'KRA312M', 'KRA156M']",Outdoor,True,VERY_GOOD
KRA287M,50.08534,20.0403,004,KRA43A,"['KRA43A', 'KRA156M', 'KRA22BAPP', 'KRA02BM', 'KRA11M']",Outdoor,True,VERY_GOOD
KRA288M,50.09069,19.95092,004,,"['KRA18A', 'KRA349M', 'KRA225M', 'KRA32BAPP', 'KRA60M']",Outdoor,True,VERY_GOOD
KRA289M,50.04011,19.92169,004,,"['KRA32A', 'KRA390M', 'KRA245M', 'KRA11AP', 'KRA02G']",Outdoor,True,VERY_GOOD
KRA28A,50.04331,19.82019,003,,"['KRA214M', 'KRA211M']",Outdoor,True,GOOD
KRA28APP,49.99614,19.95934,006,,"['KRA03MP', 'KRA160M', 'KRA303M', 'KRA366M', 'KRA01APP']",Outdoor,True,VERY_GOOD
KRA28BAPP,50.09091,19.92609,006,,"['KRA26BAPP', 'KRA148M', 'KRA27BAPP', 'KRA408M', 'KRA41N']",Outdoor,True,GOOD
KRA28M,50.03338,19.96941,004,KRA88M;KRA07IM,"['KRA88M', 'KRA09APP', 'KRA31BAPP', 'KRA04N', 'KRA90M']",Outdoor,True,VERY_GOOD
KRA28N,50.09274,19.8954,005,,"['KRA270M', 'KRA393M', 'KRA71M', 'KRA50BAPP', 'KRA163M']",Outdoor,True,VERY_GOOD
KRA290M,50.09676,19.9315,004,KRA427M,"['KRA427M', 'KRA217M', 'KRA367M', 'KRA375M', 'KRA148M']",Outdoor,True,VERY_GOOD
KRA291M,50.00652,19.96998,004,,"['KRA117M', 'KRA355M', 'KRA134M', 'KRA194M', 'KRA321M']",Outdoor,True,VERY_GOOD
KRA292M,50.02469,19.94177,004,,"['KRA296M', 'KRA403M', 'KRA34M', 'KRA232M', 'KRA01M']",Outdoor,True,VERY_GOOD
KRA293M,50.08588,20.05807,004,,"['KRA252M', 'KRA48BAPP', 'PNET0909', 'KRA169M', 'KRA09N']",Outdoor,True,VERY_GOOD
KRA294M,50.0822,19.85352,004,,"['KRA19M', 'KRA428M', 'KRA258M', 'KRA42BAPP', 'RASA01BAPP']",Outdoor,True,VERY_GOOD
KRA295M,50.08775,19.9716,004,,"['KRA33BAPP', 'KRA07MP', 'KRA347M', 'KRA332M', 'KRA07AP']",Outdoor,True,VERY_GOOD
KRA296M,50.02077,19.94272,004,,"['KRA232M', 'KRA403M', 'KRA10MP', 'KRA34M', 'KRA01M']",Outdoor,True,VERY_BAD
KRA297M,50.0844,20.02191,004,,"['KRA54A', 'KRA51N', 'KRA392M', 'KRA312M', 'KRA48N']",Outdoor,True,VERY_GOOD
KRA298M,50.06781,19.97669,004,KRA03HP,"['KRA164M', 'KRA171M']",Outdoor,True,VERY_GOOD
KRA299M,50.02004,19.91132,004,,"['KRA47A', 'KRA14MP', 'KRA35N', 'KRA173M', 'KRA12H']",Outdoor,True,VERY_GOOD
KRA29A,50.00606,19.89757,003,KRA10I,"['KRA197M', 'KRA259M', 'KRA33M', 'KRA229M', 'KRA237M']",Outdoor,True,VERY_GOOD
KRA29BAPP,50.10132,19.96535,006,,"['KRA49M', 'KRA25BAPP', 'KRA16A', 'KRA73M', 'KRA347M']",Outdoor,True,GOOD
KRA29M,50.02254,20.05076,004,,"['KRA68M', 'KRA52BAPP', 'KRA359M', 'KRA357M', 'KRA20APP']",Outdoor,True,VERY_GOOD
KRA300M,50.02829,19.94572,004,,"['KRA159M', 'KRA08A', 'KRA418M', 'KRA223M', 'KRA182M']",Outdoor,True,VERY_GOOD
KRA301M,50.08959,19.99084,004,,"['KRA39A', 'KRA227M', 'KRA73M', 'KRA274M', 'KRA02HO']",Outdoor,True,VERY_GOOD
KRA302M,49.99686,19.90033,004,KRA04H,"['KRA04H', 'KRA33M', 'KRA229M', 'KRA29A', 'KRA237M']",Outdoor,True,VERY_GOOD
KRA303M,49.99428,19.94258,004,,"['KRA366M', 'KRA01APP', 'KRA03MP', 'KRA160M', 'KRA344M']",Outdoor,True,VERY_GOOD
KRA304M,49.98074,19.87438,004,,"['KRA370M', 'KRA336M', 'KRA05BAPP', 'KRA33A', 'KRA157M']",Outdoor,True,VERY_GOOD
KRA305M,50.08341,19.88467,004,,"['KRA393M', 'KRA188M', 'KRA50BAPP', 'KRA212M', 'KRA242M']",Outdoor,True,VERY_GOOD
KRA306M,50.04423,19.97893,004,,"['KRA322M', 'KRA46M', 'KRA20N', 'KRA07M', 'KRA111M']",Outdoor,True,VERY_GOOD
KRA307M,50.03452,19.93481,004,KRA94M;KRA14HP,"['KRA01M', 'KRA17HP', 'KRA34M', 'KRA02G', 'KRA02N']",Outdoor,True,VERY_GOOD
KRA308M,50.09598,20.11788,004,,['KRA49N'],Outdoor,True,VERY_GOOD
KRA309M,50.04522,20.04649,004,,"['KRA215M', 'KRA107M', 'KRA342M', 'KRA61M', 'KRA20APP']",Outdoor,True,GOOD
KRA30A,50.07312,19.9159,003,KRA136M,"['KRA84M', 'KRA112M', 'KRA02H', 'KRA262M', 'KRA139M']",Outdoor,True,VERY_GOOD
KRA30APP,50.06173,20.00681,006,,"['KRA369M', 'KRA42N', 'KRA03BAPP', 'KRA04BAPP', 'KRA04MP']",Outdoor,True,VERY_GOOD
KRA30BAPP,50.06634,20.0526,006,,"['KRA15M', 'KRA14N', 'KRA140M', 'KRA342M', 'KRA161M']",Outdoor,True,VERY_GOOD
KRA30M,50.01714,20.01537,004,,"['KRA343M', 'KRA04APP']",Outdoor,True,GOOD
KRA311M,50.06203,20.0178,004,,"['KRA39BAPP', 'KRA361M', 'KRA03BAPP', 'KRA04BAPP', 'KRA01AP']",Outdoor,True,VERY_GOOD
KRA312M,50.07885,20.02753,004,,"['KRA08H', 'KRA91M', 'KRA286M', 'KRA51N', 'KRA189M']",Outdoor,True,VERY_GOOD
KRA313M,50.01801,19.98548,004,,"['KRA60BAPP', 'KRA74M', 'KRA218M', 'KRA430M', 'KRA116M']",Outdoor,True,GOOD
KRA314M,50.05294,19.9297,004,,"['KRA432M', 'KRA319M', 'KRA93M', 'KRA11AP', 'KRA59M']",Outdoor,True,VERY_GOOD
KRA315M,50.07377,20.00966,004,,"['KRA38A', 'KRA329M', 'KRA02AP', 'KRA275M', 'KRA228M']",Outdoor,True,VERY_GOOD
KRA316M,50.01,19.95173,004,,"['KRA25M', 'KRA246M', 'KRA12MP', 'KRA06BAPP', 'KRA266M']",Outdoor,True,VERY_GOOD
KRA317M,50.06666,20.00665,004,,"['KRA04BAPP', 'KRA01AP', 'KRA216M', 'KRA30APP', 'KRA03BAPP']",Outdoor,True,GOOD
KRA318M,50.01243,19.95394,004,,"['KRA25A', 'KRA415M', 'KRA187M', 'KRA44A', 'KRA158M']",Outdoor,True,VERY_GOOD
KRA319M,50.04657,19.93108,004,,"['KRA01HO', 'KRA59M', 'KRA93M', 'KRA165M', 'KRA314M']",Outdoor,True,VERY_GOOD
KRA31A,50.08712,19.98513,003,,"['KRA02HO', 'KRA07MP', 'KRA07AP', 'KRA332M', 'KRA227M']",Outdoor,True,VERY_GOOD
KRA31BAPP,50.02628,19.97613,006,,"['KRA45BAPP', 'KRA255M', 'KRA126M', 'KRA07N', 'KRA64M']",Outdoor,True,VERY_GOOD
KRA31M,50.07378,20.00162,004,,['KRA04BAPP'],Outdoor,True,VERY_GOOD
KRA31N,50.09556,19.99837,005,,"['KRA07B', 'KRA12APP', 'KRA394M', 'KRA143M', 'KRA02MP']",Outdoor,True,VERY_GOOD
KRA321M,50.01242,19.97478,004,KRA20A,"['KRA134M', 'KRA257M', 'KRA117M', 'KRA44A', 'KRA218M']",Outdoor,True,VERY_GOOD
KRA322M,50.04402,19.98318,004,,"['KRA46M', 'KRA306M', 'KRA07M', 'KRA20N', 'KRA353M']",Outdoor,True,VERY_GOOD
KRA323M,50.01876,20.02462,004,,"['KRA125M', 'KRA178M', 'KRA17M', 'KRA01N', 'KRA138M']",Outdoor,True,VERY_GOOD
KRA324M,50.0791,19.97377,004,,"['KRA224M', 'KRA17AP', 'KRA46N', 'KRA332M', 'KRA07MP']",Outdoor,True,VERY_GOOD
KRA325M,50.09793,19.96095,004,,"['KRA60M', 'KRA32BAPP', 'KRA69M', 'KRA349M', 'KRA247M']",Outdoor,True,VERY_GOOD
KRA326M,50.07695,19.98058,004,,"['KRA409M', 'KRA424M', 'KRA16N', 'KRA05APP', 'KRA411M']",Outdoor,True,VERY_GOOD
KRA327M,50.07928,20.04763,004,,"['KRA161M', 'KRA15APP', 'KRA91M', 'KRA286M', 'KRA287M']",Outdoor,True,VERY_GOOD
KRA328M,50.09623,20.07386,004,,"['KRA35BAPP', 'KRA174M', 'KRA33N', 'KRA252M', 'KRA48BAPP']",Outdoor,True,VERY_GOOD
KRA329M,50.07525,20.02259,004,,"['KRA38A', 'KRA275M', 'KRA02AP', 'KRA228M', 'KRA16M']",Outdoor,True,VERY_GOOD
KRA32A,50.03999,19.92414,003,,"['KRA390M', 'KRA02G', 'KRA02N', 'KRA19AP', 'KRA289M']",Outdoor,True,VERY_GOOD
KRA32APP,50.02591,19.90511,006,,"['KRA23N', 'KRA372M', 'KRA19N', 'KRA26A', 'KRA429M']",Outdoor,True,GOOD
KRA32BAPP,50.09479,19.9511,006,,"['KRA247M', 'KRA60M', 'KRA18A', 'KRA225M', 'KRA34A']",Outdoor,True,GOOD
KRA32N,50.01453,19.89619,005,,"['KRA429M', 'KRA259M', 'KRA10HO', 'KRA19N', 'KRA47A']",Outdoor,True,VERY_GOOD
KRA330M,50.08329,19.97582,004,,"['KRA332M', 'KRA07MP', 'KRA224M', 'KRA17AP', 'KRA46N']",Outdoor,True,VERY_GOOD
KRA332M,50.0828,19.9722,004,,"['KRA07MP', 'KRA46N', 'KRA224M', 'KRA17AP', 'KRA07AP']",Outdoor,True,VERY_GOOD
KRA333M,50.08396,19.9634,004,KRA22M,"['KRA22M', 'KRA46N', 'KRA383M', 'KRA332M', 'KRA17AP']",Outdoor,True,VERY_GOOD
KRA334M,50.09528,20.04483,004,,"['KRA09N', 'KRA169M', 'KRA56BAPP', 'KRA48BAPP', 'KRA252M']",Outdoor,True,GOOD
KRA335M,50.07032,19.89862,004,KRA65M;KRA05MP,"['KRA168M', 'KRA07BAPP', 'KRA05MP', 'KRA41A', 'KRA253M']",Outdoor,True,VERY_GOOD
KRA336M,49.98515,19.87477,004,,"['KRA33A', 'KRA304M', 'KRA370M', 'KRA05BAPP', 'KRA157M']",Outdoor,True,VERY_GOOD
KRA338M,50.04019,19.95335,004,,"['KRA35M', 'KRA17H', 'KRA186M', 'KRA146M', 'KRA10H']",Outdoor,True,VERY_GOOD
KRA339M,50.09338,19.9841,004,,"['KRA73M', 'KRA16A', 'KRA227M', 'KRA301M', 'KRA39A']",Outdoor,True,VERY_GOOD
KRA33A,49.98825,19.87033,003,,"['KRA336M', 'KRA304M', 'KRA370M', 'KRA05BAPP', 'KRA157M']",Outdoor,True,VERY_GOOD
KRA33BAPP,50.089,19.96718,006,,"['KRA295M', 'KRA347M', 'KRA379M', 'KRA12AP', 'KRA07AP']",Outdoor,True,VERY_GOOD
KRA33M,49.99984,19.89697,004,KRA229M;KRA18HP,"['KRA229M', 'KRA04H', 'KRA29A', 'KRA197M', 'KRA259M']",Outdoor,True,VERY_GOOD
KRA33N,50.10594,20.07439,005,,"['KRA35BAPP', 'KRA174M', 'KRA48BAPP', 'KRA169M']",Outdoor,True,VERY_GOOD
KRA340M,50.09299,19.98919,004,KRA244M,"['KRA227M', 'KRA73M', 'KRA301M', 'KRA39A', 'KRA31A']",Outdoor,True,VERY_GOOD
KRA341M,50.04093,19.99429,004,KRA19APP;KRA177M,"['KRA111M', 'KRA177M', 'KRA46M', 'KRA385M', 'KRA353M']",Outdoor,True,GOOD
KRA342M,50.05391,20.04435,004,,"['KRA14N', 'KRA309M', 'KRA30BAPP', 'KRA15M', 'KRA215M']",Outdoor,True,GOOD
KRA343M,50.01868,20.0137,004,,"['KRA30M', 'KRA04APP', 'KRA54BAPP', 'KRA138M', 'KRA09M']",Outdoor,True,GOOD
KRA344M,49.98707,19.93179,004,,"['KRA366M', 'KRA01APP', 'KRA202M', 'KRA03MP', 'KRA160M']",Outdoor,True,GOOD
KRA345M,50.10458,20.00848,004,,"['KRA10A', 'KRA399M', 'KRA394M', 'KRA400M', 'KRA396M']",Outdoor,True,GOOD
KRA346M,49.97302,19.98981,004,,"['GKX01M', 'KRA181M', 'KRA79M']",Outdoor,True,VERY_GOOD
KRA347M,50.08835,19.95963,004,,"['KRA12AP', 'KRA33BAPP', 'KRA155M', 'KRA183M', 'KRA295M']",Outdoor,True,VERY_GOOD
KRA348M,50.05556,19.94816,004,,"['KRA154M', 'KRA271M', 'KRA152M', 'KRA16H', 'KRA80M']",Outdoor,True,VERY_GOOD
KRA349M,50.09166,19.95537,004,,"['KRA60M', 'KRA32BAPP', 'KRA247M', 'KRA325M', 'KRA288M']",Outdoor,True,VERY_GOOD
KRA34A,50.10193,19.94595,003,,"['KRA195M', 'KRA247M', 'KRA32BAPP', 'KRA225M', 'KRA325M']",Outdoor,True,GOOD
KRA34BAPP,50.10843,19.96061,006,,"['KRA325M', 'KRA195M', 'KRA34A', 'KRA278M', 'KRA60M']",Outdoor,True,VERY_GOOD
KRA34M,50.02873,19.93586,004,,"['KRA403M', 'KRA231M']",Outdoor,True,VERY_GOOD
KRA34N,50.08495,19.84958,005,KRA75BAPP,"['KRA19M', 'KRA428M', 'KRA294M', 'RASA01BAPP', 'KRA258M']",Outdoor,True,VERY_GOOD
KRA350M,50.00237,19.93003,004,,"['KRA267M', 'KRA66M', 'KRA219M', 'KRA119M', 'KRA547']",Outdoor,True,VERY_GOOD
KRA351M,50.10641,20.04533,004,,"['KRA234M', 'KRA396M', 'KRA35BAPP', 'ZST01M', 'KRA174M']",Outdoor,True,GOOD
KRA352M,49.98968,19.91025,004,,"['KRA97M', 'KRA124M', 'KRA157M', 'LIR01MP', 'LIR01M']",Outdoor,True,VERY_GOOD
KRA353M,50.03815,19.99049,004,,"['KRA52M', 'KRA111M', 'KRA422M', 'KRA177M', 'KRA341M']",Outdoor,True,GOOD
KRA354M,50.05271,19.98467,004,,"['KRA322M', 'KRA46M', 'KRA239M', 'KRA20N', 'KRA306M']",Outdoor,True,VERY_GOOD
KRA355M,50.00365,19.95776,004,,"['KRA291M', 'KRA51M', 'KRA25M', 'KRA246M', 'KRA117M']",Outdoor,True,VERY_GOOD
KRA356M,50.0139,19.88882,004,,"['KRA54M', 'KRA407M', 'KRA05M', 'KRA197M', 'KRA429M']",Outdoor,True,VERY_GOOD
KRA357M,50.01861,20.05464,004,,"['KRA68M', 'KRA52BAPP', 'KRA359M', 'KRA20APP', 'CWI01M']",Outdoor,True,VERY_GOOD
KRA358M,50.08795,19.88731,004,KRA16I,"['KRA50BAPP', 'KRA242M', 'KRA02A', 'KRA305M', 'KRA71M']",Outdoor,True,VERY_GOOD
KRA359M,50.02698,20.04815,004,,"['KRA52BAPP', 'KRA68M', 'KRA20APP', 'KRA357M', 'KRA215M']",Outdoor,True,VERY_GOOD
KRA35A,50.06563,19.91474,003,,"['KRA41A', 'KRA84M', 'KRA07BAPP', 'KRA05MP', 'KRA168M']",Outdoor,True,VERY_GOOD
KRA35BAPP,50.09735,20.06436,006,,"['KRA174M', 'KRA252M', 'KRA48BAPP', 'KRA33N', 'KRA169M']",Outdoor,True,VERY_GOOD
KRA35M,50.04278,19.94681,004,,"['KRA338M', 'KRA17H', 'KRA186M', 'KRA146M', 'KRA10H']",Outdoor,True,VERY_GOOD
KRA35N,50.01486,19.9075,005,KRA173M,"['KRA173M', 'KRA47A', 'KRA14MP', 'KRA299M', 'KRA12H']",Outdoor,True,VERY_GOOD
KRA361M,50.06269,20.02297,004,,"['KRA39BAPP', 'KRA03BAPP', 'KRA311M', 'KRA04BAPP', 'KRA01AP']",Outdoor,True,VERY_GOOD
KRA362M,49.97471,19.94697,004,,"['WRC01M', 'WRC02BAPP', 'KRA202M', 'KRA79M', 'WRC01BAPP']",Outdoor,True,GOOD
KRA363M,50.03785,19.86487,004,,"['KRA42M', 'KRA44BAPP']",Outdoor,True,VERY_GOOD
KRA364M,50.05915,20.14606,004,,['KRA205M'],Outdoor,True,GOOD
KRA365M,50.02163,19.9218,004,,"['KRA46BAPP', 'KRA62M', 'KRA249M', 'KRA100M', 'KRA406M']",Outdoor,True,VERY_GOOD
KRA366M,49.98913,19.94178,004,,"['KRA01APP', 'KRA03MP', 'KRA160M', 'KRA344M', 'KRA303M']",Outdoor,True,VERY_GOOD
KRA367M,50.09684,19.93687,004,,"['KRA290M', 'KRA427M', 'KRA375M', 'KRA217M', 'KRA247M']",Outdoor,True,VERY_GOOD
KRA368M,50.09487,19.95554,004,,"['KRA60M', 'KRA32BAPP', 'KRA247M', 'KRA18A', 'KRA288M']",Outdoor,True,GOOD
KRA369M,50.05862,20.00461,004,,"['KRA03BAPP', 'KRA311M']",Outdoor,True,VERY_GOOD
KRA36A,49.99981,19.9122,003,,"['KRA33M', 'KRA350M', 'KRA04H', 'KRA229M', 'KRA267M']",Outdoor,True,VERY_GOOD
KRA36M,50.10323,19.92829,004,,"['KRA367M', 'KRA290M']",Outdoor,True,VERY_GOOD
KRA370M,49.97583,19.8757,004,,"['KRA304M', 'KRA336M', 'KRA05BAPP', 'KRA33A', 'BRZY01APP']",Outdoor,True,VERY_GOOD
KRA371M,50.01718,19.80745,004,,['KRA44N'],Outdoor,True,VERY_GOOD
KRA372M,50.0306,19.91381,004,,"['KRA26A', 'KRA23N', 'KRA62M', 'KRA46A', 'KRA32APP']",Outdoor,True,VERY_GOOD
KRA373M,50.02179,19.91492,004,,"['KRA365M', 'KRA282M', 'KRA46BAPP', 'KRA120M', 'KRA46A']",Outdoor,True,VERY_GOOD
KRA375M,50.09291,19.93878,004,,"['KRA367M', 'KRA290M', 'KRA427M', 'KRA217M', 'KRA247M']",Outdoor,True,GOOD
KRA376M,50.07316,19.97664,004,,"['KRA05APP', 'KRA411M', 'KRA18H', 'KRA409M', 'KRA16N']",Outdoor,True,VERY_GOOD
KRA377M,50.08357,19.84645,004,,"['KRA428M', 'KRA294M', 'KRA19M', 'RASA01BAPP', 'KRA258M']",Outdoor,True,VERY_GOOD
KRA379M,50.09142,19.96844,004,,"['KRA347M', 'KRA12AP', 'KRA16A', 'KRA25BAPP', 'KRA49M']",Outdoor,True,VERY_GOOD
KRA37N,50.08473,20.01319,005,,"['KRA62N', 'KRA206M', 'KRA12N', 'KRA01A', 'KRA11BAPP']",Outdoor,True,VERY_GOOD
KRA380M,50.09394,19.92807,004,,"['KRA217M', 'KRA290M', 'KRA427M', 'KRA367M', 'KRA375M']",Outdoor,True,VERY_GOOD
KRA381M,50.05909,19.96378,004,,"['KRA128M', 'KRA89M', 'KRA26M', 'KRA10H', 'KRA180M']",Outdoor,True,VERY_GOOD
KRA382M,50.03697,19.89512,004,,"['KRA67M', 'KRA44BAPP', 'KRA372M', 'KRA26A', 'KRA23N']",Outdoor,True,VERY_GOOD
KRA383M,50.08116,19.95631,004,,"['KRA185M', 'KRA183M', 'KRA155M', 'KRA06H', 'KRA46N']",Outdoor,True,VERY_GOOD
KRA384M,50.01503,20.00853,004,,"['KRA21M', 'KRA09M', 'KRA179M', 'KRA54BAPP', 'KRA30M']",Outdoor,True,VERY_GOOD
KRA385M,50.04513,19.99047,004,,"['KRA111M', 'KRA177M', 'KRA21APP', 'KRA46M', 'KRA322M']",Outdoor,True,VERY_GOOD
KRA386M,50.05738,19.97973,004,,"['KRA26M', 'KRA128M', 'KRA06MP', 'KRA89M', 'KRA42N']",Outdoor,True,VERY_GOOD
KRA387M,50.02039,20.00751,004,,"['KRA09M', 'KRA261M', 'KRA138M', 'KRA153M', 'KRA04APP']",Outdoor,True,GOOD
KRA388M,50.01014,20.01724,004,,"['KRA53N', 'KRA54BAPP', 'KRA30M', 'KRA23APP', 'KRA03APP']",Outdoor,True,VERY_GOOD
KRA389M,50.10373,19.90747,004,,"['KRA58N', 'KRA104M', 'KRA148M', 'KRA40A', 'KRA27BAPP']",Outdoor,True,GOOD
KRA38A,50.07218,20.01938,003,,"['KRA329M', 'KRA02AP', 'KRA40N', 'KRA275M', 'KRA228M']",Outdoor,True,VERY_GOOD
KRA38BAPP,50.07121,19.83407,006,,"['KRA220M', 'KRA391M', 'KRA428M', 'KRA294M', 'KRA01B']",Outdoor,True,GOOD
KRA38N,50.10576,19.90506,005,,"['KRA389M', 'KRA58N', 'KRA104M', 'KRA148M', 'KRA217M']",Outdoor,True,GOOD
KRA390M,50.03798,19.92503,004,,"['KRA02G', 'KRA02N', 'KRA19AP', 'KRA32A', 'KRA289M']",Outdoor,True,GOOD
KRA391M,50.06813,19.84751,004,KRA220M,"['KRA220M', 'KRA38BAPP', 'KRA428M', 'KRA294M', 'KRA19M']",Outdoor,True,GOOD
KRA392M,50.07881,20.01958,004,,"['KRA04AP', 'KRA48N', 'KRA58BAPP', 'KRA54A', 'KRA16M']",Outdoor,True,VERY_GOOD
KRA393M,50.09636,19.88601,004,,"['KRA212M', 'KRA28N', 'KRA163M', 'KRA50BAPP', 'KRA270M']",Outdoor,True,VERY_GOOD
KRA394M,50.09624,20.01102,004,,"['KRA399M', 'KRA400M', 'KRA143M', 'KRA150M', 'KRA58M']",Outdoor,True,GOOD
KRA395M,50.10225,20.01583,004,,"['KRA10A', 'KRA399M', 'KRA396M', 'KRA394M', 'KRA400M']",Outdoor,True,GOOD
KRA396M,50.10016,20.02109,004,,"['KRA58M', 'KRA150M', 'KRA399M', 'KRA10A', 'KRA394M']",Outdoor,True,GOOD
KRA397M,50.08634,19.90843,004,KRA417M,"['KRA417M', 'KRA191M', 'KRA105M', 'KRA203M', 'KRA16APP']",Outdoor,True,VERY_GOOD
KRA398M,50.08205,20.00109,004,KRA10N;KRA110M,"['KRA10N', 'KRA110M', 'KRA08APP', 'KRA235M', 'KRA02MP']",Outdoor,True,VERY_GOOD
KRA399M,50.09849,20.01097,004,,"['KRA400M', 'KRA394M', 'KRA401M', 'KRA10A', 'KRA396M']",Outdoor,True,GOOD
KRA39A,50.0884,19.99366,003,,"['KRA301M', 'KRA227M', 'KRA02HO', 'KRA274M', 'KRA22APP']",Outdoor,True,VERY_GOOD
KRA39BAPP,50.06357,20.02063,006,,"['KRA361M', 'KRA311M']",Outdoor,True,VERY_GOOD
KRA39M,50.00609,19.90496,004,,"['KRA237M', 'KRA251M']",Outdoor,True,VERY_GOOD
KRA400M,50.10037,20.00999,004,,"['KRA399M', 'KRA401M', 'KRA394M', 'KRA10A', 'KRA396M']",Outdoor,True,GOOD
KRA401M,50.10242,20.00838,004,,"['KRA400M', 'KRA399M', 'KRA394M', 'KRA10A', 'KRA396M']",Outdoor,True,GOOD
KRA402M,50.11349,20.18656,004,,['CZUL01BAPP'],Outdoor,True,VERY_GOOD
KRA403M,50.02813,19.9416,004,,"['KRA296M', 'KRA232M', 'KRA10MP', 'KRA34M', 'KRA100M']",Outdoor,True,VERY_GOOD
KRA404M,50.09384,19.96675,004,,"['KRA16A', 'KRA73M', 'KRA347M', 'KRA12AP', 'KRA25BAPP']",Outdoor,True,GOOD
KRA405M,50.02439,19.98448,004,KRA126M,"['KRA126M', 'KRA255M', 'KRA12M', 'KRA07N', 'KRA31BAPP']",Outdoor,True,VERY_GOOD
KRA406M,50.02717,19.92173,004,,"['KRA62M', 'KRA46BAPP', 'KRA249M', 'KRA19AP', 'KRA02N']",Outdoor,True,VERY_GOOD
KRA407M,50.01184,19.88368,004,KRA54M,"['KRA54M', 'KRA05M', 'KRA356M', 'KRA106M', 'KRA10HO']",Outdoor,True,VERY_GOOD
KRA408M,50.08926,19.92674,004,KRA26BAPP;KRA440M,"['KRA27BAPP', 'KRA26BAPP', 'KRA20BAPP', 'KRA40A', 'KRA148M']",Outdoor,True,VERY_GOOD
KRA409M,50.07636,19.98252,004,KRA424M,"['KRA424M', 'KRA16N', 'KRA411M', 'KRA05APP', 'KRA18H']",Outdoor,True,VERY_GOOD
KRA40A,50.08787,19.91891,003,,"['KRA203M', 'KRA105M', 'KRA27BAPP', 'KRA408M', 'KRA96M']",Outdoor,True,VERY_GOOD
KRA40BAPP,50.07752,19.96335,006,,"['KRA81M', 'KRA149M', 'KRA83M', 'KRA151M', 'KRA103M']",Outdoor,True,VERY_GOOD
KRA40M,50.09393,19.92152,004,,"['KRA217M', 'KRA148M']",Outdoor,True,VERY_GOOD
KRA40N,50.07098,20.02846,005,KRA02AP,"['KRA08BAPP', 'KRA329M', 'KRA18M', 'KRA204M', 'KRA416M']",Outdoor,True,VERY_GOOD
KRA410M,50.07842,19.9022,004,,"['KRA55M', 'KRA253M', 'KRA114M', 'KRA139M', 'KRA168M']",Outdoor,True,GOOD
KRA411M,50.07284,19.98386,004,,"['KRA05APP', 'KRA424M', 'KRA18H', 'KRA409M', 'KRA16N']",Outdoor,True,VERY_GOOD
KRA412M,50.07424,19.88433,004,,"['KRA17BAPP', 'KRA24A', 'KRA258M', 'KRA42BAPP', 'KRA190M']",Outdoor,True,VERY_GOOD
KRA414M,50.1027,19.87049,004,,"['KRA188M', 'KRA393M', 'KRA212M', 'KRA163M', 'MDC01M']",Outdoor,True,VERY_GOOD
KRA415M,50.0134,19.95924,004,,"['KRA187M', 'KRA222M', 'KRA158M', 'KRA25A', 'KRA44A']",Outdoor,True,VERY_GOOD
KRA416M,50.07078,20.03753,004,,"['KRA18M', 'KRA204M', 'KRA15M', 'KRA30BAPP', 'KRA140M']",Outdoor,True,VERY_GOOD
KRA417M,50.08653,19.90693,004,KRA397M,"['KRA397M', 'KRA16APP', 'KRA191M', 'KRA105M', 'KRA203M']",Outdoor,True,VERY_GOOD
KRA418M,50.02685,19.96805,004,,"['KRA45BAPP', 'KRA31BAPP', 'KRA63M', 'KRA223M', 'KRA255M']",Outdoor,True,VERY_GOOD
KRA419M,50.0888,19.93732,004,,"['KRA24APP', 'KRA26BAPP', 'KRA03HO', 'KRA225M', 'KRA269M']",Outdoor,True,GOOD
KRA41A,50.0679,19.9014,003,,"['KRA07BAPP', 'KRA05MP', 'KRA168M', 'KRA84M', 'KRA139M']",Outdoor,True,VERY_GOOD
KRA41BAPP,50.06193,19.88963,006,,"['KRA41A', 'KRA07BAPP', 'KRA05MP', 'KRA280M', 'KRA168M']",Outdoor,True,VERY_GOOD
KRA41M,50.103,20.01307,004,KRA10A,['KRA396M'],Outdoor,True,GOOD
KRA41N,50.09062,19.93047,005,,"['KRA217M', 'KRA26BAPP', 'KRA269M', 'KRA148M', 'KRA290M']",Outdoor,True,VERY_GOOD
KRA420M,50.07907,20.00275,004,,"['KRA110M', 'KRA398M', 'KRA235M', 'KRA10N', 'KRA08APP']",Outdoor,True,VERY_GOOD
KRA421M,50.03798,19.98323,004,,"['KRA07M', 'KRA353M', 'KRA322M', 'KRA46M', 'KRA111M']",Outdoor,True,GOOD
KRA422M,50.03826,19.9959,004,KRA166M;KRA52M,"['KRA52M', 'KRA353M', 'KRA111M', 'KRA177M', 'KRA341M']",Outdoor,True,GOOD
KRA423M,50.0632,19.90866,004,,"['KRA41A', 'KRA07BAPP', 'KRA05MP', 'KRA168M', 'KRA84M']",Outdoor,True,VERY_GOOD
KRA424M,50.07664,19.9843,004,KRA409M,"['KRA409M', 'KRA411M', 'KRA16N', 'KRA18H', 'KRA05APP']",Outdoor,True,VERY_GOOD
KRA425M,50.01095,20.05193,004,,"['KRA15N', 'KRA196M', 'KRA285M', 'KRA01N', 'KRA125M']",Outdoor,True,VERY_GOOD
KRA427M,50.09641,19.93259,004,KRA290M,"['KRA290M', 'KRA367M', 'KRA217M', 'KRA375M', 'KRA148M']",Outdoor,True,VERY_GOOD
KRA428M,50.08131,19.84813,004,,"['KRA294M', 'KRA19M', 'KRA220M', 'KRA391M', 'RASA01BAPP']",Outdoor,True,VERY_GOOD
KRA429M,50.01757,19.89542,004,,"['KRA19N', 'KRA12H', 'KRA10HO', 'KRA14MP', 'KRA259M']",Outdoor,True,VERY_GOOD
KRA42BAPP,50.08119,19.8739,006,,"['KRA258M', 'KRA24A', 'KRA190M', 'KRA305M', 'KRA294M']",Outdoor,True,VERY_GOOD
KRA42M,50.02911,19.85565,004,,"['KRA44BAPP', 'KRA20M', 'KRA363M']",Outdoor,True,VERY_GOOD
KRA42N,50.06448,19.9994,005,,"['KRA30APP', 'KRA04BAPP', 'KRA01AP', 'KRA04MP', 'KRA369M']",Outdoor,True,VERY_GOOD
KRA430M,50.02192,19.99415,004,,"['KRA12M', 'KRA153M', 'KRA60BAPP', 'KRA405M', 'KRA74M']",Outdoor,True,VERY_GOOD
KRA432M,50.05182,19.9268,004,KRA14M,"['KRA93M', 'KRA11AP', 'KRA314M', 'KRA319M', 'KRA59M']",Outdoor,True,VERY_GOOD
KRA433M,50.03591,19.93726,004,,,Outdoor,True,VERY_GOOD
KRA434M,49.9831,19.94486,004,,,Outdoor,True,VERY_GOOD
KRA436M,50.05834,19.90051,004,,,Outdoor,True,VERY_GOOD
KRA437M,50.08092,20.18623,004,,,Outdoor,True,GOOD
KRA438M,50.08329,20.01832,004,,,Outdoor,True,VERY_GOOD
KRA439M,50.10839,19.8958,004,,,Outdoor,True,GOOD
KRA43A,50.0844,20.04021,003,KRA287M,"['KRA287M', 'KRA156M']",Outdoor,True,VERY_GOOD
KRA43BAPP,50.04032,20.0735,006,,"['KRA61M', 'KRA215M']",Outdoor,True,GOOD
KRA43N,50.00666,19.87317,005,,"['KRA106M', 'KRA02APP', 'KRA407M', 'KRA197M', 'KRA54M']",Outdoor,True,VERY_GOOD
KRA440M,50.08905,19.92774,004,KRA408M;KRA26BAPP,,Outdoor,True,VERY_GOOD
KRA444M,49.99471,19.91667,004,,,Outdoor,True,VERY_GOOD
KRA44A,50.0143,19.96434,003,KRA158M,"['KRA158M', 'KRA187M']",Outdoor,True,VERY_GOOD
KRA44BAPP,50.03367,19.87575,006,,"['KRA382M', 'KRA42M', 'KRA363M', 'KRA20M', 'KRA208M']",Outdoor,True,VERY_GOOD
KRA44M,50.09217,19.99215,004,KRA69BAPP,"['KRA227M', 'KRA39A', 'KRA301M', 'KRA274M', 'KRA73M']",Outdoor,True,VERY_GOOD
KRA44N,50.00915,19.81302,005,,['KRA371M'],Outdoor,True,VERY_GOOD
KRA45A,50.07983,19.994,003,,"['KRA10N', 'KRA398M', 'KRA110M', 'KRA02MP', 'KRA193M']",Outdoor,True,VERY_GOOD
KRA45BAPP,50.02416,19.97041,006,,"['KRA63M', 'KRA31BAPP', 'KRA418M', 'KRA223M', 'KRA182M']",Outdoor,True,VERY_GOOD
KRA46A,50.02554,19.91276,003,,"['KRA282M', 'KRA47A']",Outdoor,True,GOOD
KRA46BAPP,50.02492,19.92379,006,,"['KRA62M', 'KRA249M', 'KRA406M', 'KRA100M', 'KRA365M']",Outdoor,True,VERY_GOOD
KRA46M,50.04431,19.98639,004,,"['KRA322M', 'KRA111M', 'KRA177M', 'KRA306M', 'KRA341M']",Outdoor,True,VERY_GOOD
KRA46N,50.07968,19.96927,005,KRA224M,"['KRA17AP', 'KRA224M', 'KRA332M', 'KRA22M', 'KRA149M']",Outdoor,True,VERY_GOOD
KRA47A,50.01923,19.90638,003,,"['KRA14MP', 'KRA120M', 'KRA12H', 'KRA299M', 'KRA282M']",Outdoor,True,VERY_GOOD
KRA47BAPP,50.00949,19.9646,006,,"['KRA25A', 'KRA44A', 'KRA158M', 'KRA415M', 'KRA134M']",Outdoor,True,VERY_GOOD
KRA47M,50.04494,19.99521,004,KRA25HP,"['KRA111M', 'KRA177M', 'KRA341M', 'KRA21APP', 'KRA46M']",Outdoor,True,VERY_GOOD
KRA48A,50.09425,19.9462,003,,"['KRA225M', 'KRA247M', 'KRA32BAPP', 'KRA60M', 'KRA34A']",Outdoor,True,GOOD
KRA48BAPP,50.09328,20.05663,006,,"['KRA252M', 'KRA169M', 'KRA09N', 'KRA334M', 'KRA174M']",Outdoor,True,VERY_GOOD
KRA48N,50.0819,20.02209,005,,"['KRA392M', 'KRA04AP', 'KRA312M', 'KRA54A', 'KRA189M']",Outdoor,True,VERY_GOOD
KRA49BAPP,50.03937,20.02665,006,,"['KRA107M', 'KRA309M', 'KRA20APP']",Outdoor,True,GOOD
KRA49M,50.09709,19.964,004,KRA25BAPP,"['KRA25BAPP', 'KRA29BAPP', 'KRA347M', 'KRA12AP', 'KRA155M']",Outdoor,True,GOOD
KRA49N,50.09694,20.12839,005,,"['KRA308M', 'KRA02BAPP', 'KRZF01M']",Outdoor,True,VERY_GOOD
KRA50BAPP,50.08912,19.89158,006,,"['KRA242M', 'KRA02A', 'KRA71M', 'KRA28N', 'KRA190M']",Outdoor,True,VERY_GOOD
KRA51A,50.06839,19.90529,003,KRA27A,"['KRA41A', 'KRA07BAPP', 'KRA05MP', 'KRA168M', 'KRA84M']",Outdoor,True,VERY_GOOD
KRA51M,50.00493,19.9447,004,,"['KRA355M', 'KRA246M']",Outdoor,True,VERY_GOOD
KRA51N,50.08158,20.02772,005,,"['KRA54A', 'KRA297M', 'KRA392M', 'KRA312M', 'KRA48N']",Outdoor,True,VERY_GOOD
KRA52A,50.01878,19.97518,003,,"['KRA76M', 'KRA254M', 'KRA264M', 'KRA14BAPP', 'KRA45BAPP']",Outdoor,True,VERY_GOOD
KRA52BAPP,50.02687,20.05136,006,,"['KRA359M', 'KRA68M', 'KRA357M', 'KRA20APP', 'KRA215M']",Outdoor,True,VERY_GOOD
KRA52M,50.03912,19.99581,004,KRA166M;KRA422M,"['KRA07M', 'KRA61N']",Outdoor,True,GOOD
KRA53BAPP,49.9979,19.82456,006,,,Outdoor,True,VERY_GOOD
KRA53N,50.00954,20.02157,005,,"['KRA23APP', 'KRA03APP', 'KRA178M', 'KRA54BAPP', 'KRA125M']",Outdoor,True,VERY_GOOD
KRA547,50.01309,19.92764,002,,"['KRA66M', 'KRA219M', 'KRA119M', 'KRA267M', 'KRA100M']",Outdoor,True,VERY_GOOD
KRA54A,50.08399,20.0253,003,,"['KRA297M', 'KRA51N', 'KRA02BM', 'KRA13M', 'KRA11M']",Outdoor,True,VERY_GOOD
KRA54BAPP,50.01491,20.01698,006,,"['KRA30M', 'KRA343M', 'KRA17M', 'KRA15A', 'KRA09AP']",Outdoor,True,VERY_GOOD
KRA54M,50.01162,19.88502,004,KRA407M,"['KRA407M', 'KRA356M', 'KRA05M', 'KRA106M', 'KRA10HO']",Outdoor,True,VERY_GOOD
KRA55BAPP,50.09024,19.97432,006,,,Outdoor,True,VERY_GOOD
KRA55M,50.0799,19.90799,004,,"['KRA139M', 'KRA07BAPP', 'KRA410M', 'KRA84M', 'KRA168M']",Outdoor,True,VERY_GOOD
KRA56BAPP,50.09656,20.03907,006,,"['KRA334M', 'KRA09N', 'KRA169M', 'KRA234M', 'KRA11M']",Outdoor,True,GOOD
KRA56M,50.07401,20.02686,004,,"['KRA329M', 'KRA91M', 'KRA08H', 'KRA286M', 'KRA02AP']",Outdoor,True,VERY_GOOD
KRA56N,50.01764,19.96617,005,,"['KRA158M', 'KRA85M', 'KRA254M', 'KRA76M', 'KRA44A']",Outdoor,True,VERY_GOOD
KRA57BAPP,50.08175,20.01678,006,KRA20HP,,Outdoor,True,VERY_GOOD
KRA57M,50.07587,19.95881,004,,"['KRA81M', 'KRA40BAPP', 'KRA83M', 'KRA103M', 'KRA15H']",Outdoor,True,VERY_GOOD
KRA58BAPP,50.08256,20.01382,006,,"['KRA11BAPP', 'KRA37N', 'KRA16M', 'KRA392M', 'KRA04AP']",Outdoor,True,VERY_GOOD
KRA58M,50.09728,20.0201,004,KRA150M,"['KRA150M', 'KRA396M', 'KRA394M', 'KRA234M', 'KRA399M']",Outdoor,True,GOOD
KRA58N,50.09972,19.91524,005,,"['KRA389M', 'KRA104M', 'KRA148M', 'KRA40A', 'KRA27BAPP']",Outdoor,True,GOOD
KRA59BAPP,49.99424,19.97353,006,,,Outdoor,True,VERY_GOOD
KRA59M,50.04282,19.93149,004,,"['KRA01HO', 'KRA165M', 'KRA319M', 'KRA93M', 'KRA11AP']",Outdoor,True,VERY_GOOD
KRA59N,50.09848,19.9515,005,,"['KRA34A', 'KRA325M', 'KRA195M', 'KRA247M', 'KRA32BAPP']",Outdoor,True,GOOD
KRA60BAPP,50.01931,19.98637,006,,"['KRA74M', 'KRA218M', 'KRA430M', 'KRA126M', 'KRA64M']",Outdoor,True,GOOD
KRA60M,50.09297,19.95265,004,,"['KRA349M', 'KRA32BAPP']",Outdoor,True,GOOD
KRA61M,50.0424,20.06394,004,,"['KRA215M', 'KRA43BAPP', 'KRA309M', 'KRA342M', 'KRA52BAPP']",Outdoor,True,GOOD
KRA61N,50.03914,19.97746,005,,"['KRA07M', 'KRA421M', 'KRA353M', 'KRA322M', 'KRA46M']",Outdoor,True,VERY_GOOD
KRA62M,50.02767,19.91973,004,,"['KRA406M', 'KRA46BAPP', 'KRA19AP', 'KRA249M', 'KRA02N']",Outdoor,True,VERY_GOOD
KRA62N,50.08686,20.01125,005,KRA64BAPP,"['KRA37N', 'KRA206M', 'KRA12N', 'KRA01A', 'KRA02MP']",Outdoor,True,VERY_GOOD
KRA63M,50.02218,19.96529,004,,"['KRA223M', 'KRA45BAPP', 'KRA182M', 'KRA85M', 'KRA56N']",Outdoor,True,VERY_GOOD
KRA64BAPP,50.08566,20.01097,006,KRA62N,,Outdoor,True,VERY_GOOD
KRA64M,50.02124,19.97895,004,,"['KRA116M', 'KRA74M', 'KRA255M', 'KRA52A', 'KRA126M']",Outdoor,True,VERY_GOOD
KRA65M,50.07121,19.89823,004,KRA05MP;KRA335M,"['KRA168M', 'KRA07BAPP', 'KRA335M', 'KRA84M', 'KRA253M']",Outdoor,True,VERY_GOOD
KRA66BAPP,50.10009,19.95527,006,KRA19H,,Outdoor,True,VERY_GOOD
KRA66M,50.012,19.9261,004,KRA219M,"['KRA219M', 'KRA267M', 'KRA119M', 'KRA100M', 'KRA10MP']",Outdoor,True,VERY_GOOD
KRA67BAPP,50.07613,20.15412,006,,,Outdoor,True,GOOD
KRA67M,50.04636,19.90731,004,,"['KRA11AP', 'KRA382M', 'KRA93M', 'KRA32A', 'KRA432M']",Outdoor,True,VERY_GOOD
KRA68BAPP,50.08804,20.00689,006,,,Outdoor,True,VERY_GOOD
KRA68M,50.01935,20.05059,004,,"['KRA52BAPP', 'KRA357M', 'KRA359M', 'KRA20APP', 'CWI01M']",Outdoor,True,VERY_GOOD
KRA69BAPP,50.09164,19.99342,006,KRA44M,,Outdoor,True,VERY_GOOD
KRA69M,50.08681,19.95447,004,,"['KRA349M', 'KRA18A', 'KRA288M', 'KRA201M', 'KRA225M']",Outdoor,True,VERY_GOOD
KRA70BAPP,50.01726,19.99201,006,KRA218M,,Outdoor,True,GOOD
KRA70M,50.08282,19.91482,004,,"['KRA203M', 'KRA105M', 'KRA191M', 'KRA40A', 'KRA397M']",Outdoor,True,VERY_GOOD
KRA71BAPP,50.01566,19.9991,006,,,Outdoor,True,VERY_GOOD
KRA71M,50.08941,19.90249,004,KRA02A,"['KRA270M', 'KRA28N', 'KRA50BAPP', 'KRA242M', 'KRA02A']",Outdoor,True,VERY_GOOD
KRA72BAPP,50.06011,19.97669,006,,,Outdoor,True,VERY_GOOD
KRA72M,50.04568,19.97092,004,,"['KRA09B', 'KRA16AP', 'KRA306M', 'KRA06M', 'KRA04N']",Outdoor,True,VERY_GOOD
KRA73BAPP,50.02688,19.9443,006,,,Outdoor,True,VERY_GOOD
KRA73M,50.09445,19.9806,004,,"['KRA16A', 'KRA227M', 'KRA33BAPP', 'KRA295M', 'KRA301M']",Outdoor,True,VERY_GOOD
KRA74BAPP,49.98908,19.96339,006,,,Outdoor,True,VERY_GOOD
KRA74M,50.01827,19.98276,004,,"['KRA60BAPP', 'KRA64M', 'KRA116M', 'KRA218M', 'KRA255M']",Outdoor,True,GOOD
KRA75BAPP,50.08537,19.84915,006,KRA34N,,Outdoor,True,VERY_GOOD
KRA76BAPP,50.03573,20.00162,006,,,Outdoor,True,GOOD
KRA76M,50.01655,19.97224,004,,"['KRA254M', 'KRA14BAPP', 'KRA52A', 'KRA56N', 'KRA44A']",Outdoor,True,VERY_GOOD
KRA78BAPP,50.09011,20.01688,006,,,Outdoor,True,GOOD
KRA78M,50.09026,20.0262,004,KRA445M,"['KRA11M', 'KRA04BM', 'KRA22BAPP', 'KRA02BM', 'KRA23BAPP']",Outdoor,True,VERY_GOOD
KRA79M,49.97364,19.96208,004,,"['GKX01M', 'KRA362M', 'WRC01M', 'WRC02BAPP', 'KRA202M']",Outdoor,True,VERY_GOOD
KRA80M,50.06646,19.94355,004,,"['KRA16H', 'KRA152M', 'KRA130M', 'KRA01BAPP', 'KRA19A']",Outdoor,True,VERY_GOOD
KRA81BAPP,50.02902,19.90897,006,,,Outdoor,True,GOOD
KRA81M,50.07223,19.95584,004,,"['KRA103M', 'KRA15H', 'KRA240M', 'KRA23M', 'KRA40BAPP']",Outdoor,True,VERY_GOOD
KRA83M,50.07902,19.95055,004,,"['KRA183M', 'KRA185M', 'KRA06H', 'KRA155M', 'KRA383M']",Outdoor,True,VERY_GOOD
KRA84M,50.0717,19.90958,004,KRA14I,"['KRA07BAPP', 'KRA168M', 'KRA139M', 'KRA05MP', 'KRA41A']",Outdoor,True,VERY_GOOD
KRA85M,50.01978,19.96072,004,KRA182M,"['KRA182M', 'KRA222M', 'KRA63M', 'KRA56N', 'KRA158M']",Outdoor,True,VERY_GOOD
KRA87M,50.07712,19.92728,004,KRA262M,"['KRA262M', 'KRA112M', 'KRA96M', 'KRA265M', 'KRA09H']",Outdoor,True,VERY_GOOD
KRA88M,50.03428,19.96807,004,KRA28M;KRA07IM,"['KRA04N', 'KRA08A']",Outdoor,True,VERY_GOOD
KRA89M,50.06223,19.96103,004,KRA128M,"['KRA128M', 'KRA180M', 'KRA23M', 'KRA240M', 'KRA171M']",Outdoor,True,VERY_GOOD
KRA90M,50.03852,19.96645,004,KRA04N,"['KRA04N', 'KRA88M', 'KRA28M', 'KRA06M', 'KRA146M']",Outdoor,True,VERY_GOOD
KRA91M,50.07707,20.03197,004,,"['KRA286M', 'KRA08H', 'KRA312M', 'KRA51N', 'KRA15APP']",Outdoor,True,VERY_GOOD
KRA93M,50.04423,19.92387,004,,"['KRA11AP', 'KRA32A', 'KRA289M', 'KRA319M', 'KRA390M']",Outdoor,True,GOOD
KRA94M,50.0347,19.93327,004,KRA307M;KRA14HP,"['KRA01M', 'KRA17HP', 'KRA34M', 'KRA02G', 'KRA02N']",Outdoor,True,VERY_GOOD
KRA95M,50.08508,19.93423,004,KRA03HO;KRA03IM,"['KRA03HO', 'KRA269M', 'KRA24APP', 'KRA209M', 'KRA419M']",Outdoor,True,VERY_GOOD
KRA96M,50.08309,19.92441,004,,"['KRA209M', 'KRA20BAPP', 'KRA269M', 'KRA40A', 'KRA27BAPP']",Outdoor,True,VERY_GOOD
KRA97M,49.98803,19.90341,004,,"['KRA352M', 'KRA124M', 'KRA157M', 'LIR01MP', 'LIR01M']",Outdoor,True,VERY_GOOD
PNET0907,50.09579,20.08813,008,,"['KRA174M', 'KRA35BAPP', 'KRA33N']",Outdoor,True,VERY_GOOD
PNET0909,50.07953,20.06503,008,,"['KRA161M', 'KRA15M', 'KRA15APP', 'KRA293M', 'KRA287M']",Outdoor,True,VERY_GOOD
POP-KRA102,50.02305,19.90995,004,,,,False,VERY_GOOD
POP-KRA104,50.01852,19.90541,004,,,,False,VERY_GOOD
POP-KRA114,50.08771,19.9643,004,,,,False,VERY_GOOD
POP-KRA120,50.08444,19.85134,004,,,,False,VERY_GOOD
POP-KRA121,50.03256,19.89583,004,,,,False,VERY_GOOD
POP-KRA126,50.10116,19.96377,004,,,,False,VERY_GOOD
POP-KRA141,50.02378,19.99542,004,,,,False,VERY_GOOD
POP-KRA145,50.00695,19.94575,004,,,,False,VERY_GOOD
POP-KRA15,49.99178,19.94582,004,,,,False,VERY_GOOD
POP-KRA178,50.0419,20.03404,004,,,,False,GOOD
POP-KRA183,50.0173,19.97763,004,,,,False,VERY_GOOD
POP-KRA199,50.08157,19.88193,004,,,,False,VERY_GOOD
POP-KRA206,50.0662,19.97246,004,,,,False,VERY_GOOD
POP-KRA207,50.07086,19.90013,004,,,,False,VERY_GOOD
POP-KRA209,50.07191,20.02865,004,,,,False,VERY_GOOD
POP-KRA210,50.02159,19.98261,004,,,,False,VERY_GOOD
POP-KRA213,50.08713,20.00448,004,,,,False,VERY_GOOD
POP-KRA216,50.08137,19.88384,004,,,,False,VERY_GOOD
POP-KRA222,50.08749,19.92771,004,,,,False,VERY_GOOD
POP-KRA223,50.08439,20.01365,004,,,,False,VERY_GOOD
POP-KRA228,50.01398,20.00377,004,,,,False,VERY_GOOD
POP-KRA229,50.01282,19.96482,004,,,,False,VERY_GOOD
POP-KRA237,50.07905,20.02857,004,,,,False,VERY_GOOD
POP-KRA243,50.06815,19.95251,004,,,,False,VERY_GOOD
POP-KRA246,50.10032,20.00981,004,,,,False,GOOD
POP-KRA248,50.09596,19.931549,004,,,,False,VERY_GOOD
POP-KRA250,50.01826,20.03518,004,,,,False,VERY_GOOD
POP-KRA253,50.05187,19.95047,004,,,,False,VERY_GOOD
POP-KRA255,50.01789,19.90548,004,,,,False,VERY_GOOD
POP-KRA256,50.02187,19.91134,004,,,,False,VERY_GOOD
POP-KRA257,50.0862,20.02453,004,,,,False,VERY_GOOD
POP-KRA260,50.0067178663069,19.8909855382235,004,,,,False,VERY_GOOD
POP-KRA266,50.08014,20.01184,004,,,,False,VERY_GOOD
POP-KRA269,50.08266,20.00397,004,,,,False,VERY_GOOD
POP-KRA271,50.01883,19.97462,004,,,,False,VERY_GOOD
POP-KRA274,49.99956,19.87097,004,,,,False,VERY_GOOD
POP-KRA275,50.0919770002205,19.9495154285584,004,,,,False,VERY_GOOD
POP-KRA276,50.09453,20.00235,004,,,,False,VERY_GOOD
POP-KRA278,49.99729,19.91952,004,,,,False,VERY_GOOD
POP-KRA280,50.01917,19.88999,004,,,,False,VERY_GOOD
POP-KRA286,50.07707,20.04499,004,,,,False,VERY_GOOD
POP-KRA287,50.09938,19.96487,004,,,,False,GOOD
POP-KRA288,50.07627,19.98215,004,,,,False,VERY_GOOD
POP-KRA294,50.07278,19.93594,004,,,,False,VERY_GOOD
POP-KRA295,50.01855,19.98126,004,,,,False,GOOD
POP-KRA299,50.04473,19.97597,004,,,,False,VERY_GOOD
POP-KRA307,50.07255,19.93601,004,,,,False,VERY_GOOD
POP-KRA308,50.07399,19.95933,004,,,,False,VERY_GOOD
POP-KRA309,50.09908,20.01018,004,,,,False,GOOD
POP-KRA314,50.08954,19.97889,004,,,,False,VERY_GOOD
POP-KRA316,50.07796,19.96989,004,,,,False,VERY_GOOD
POP-KRA317,50.00848,19.9492,004,,,,False,VERY_GOOD
POP-KRA318,50.08671,19.89399,004,,,,False,VERY_GOOD
POP-KRA320,50.0695,19.94489,004,,,,False,VERY_GOOD
POP-KRA321,50.08765,19.93208,004,,,,False,VERY_GOOD
POP-KRA322,50.0788,20.01672,004,,,,False,VERY_GOOD
POP-KRA323,50.02721,19.9121,004,,,,False,GOOD
POP-KRA329,50.02351,19.90613,004,,,,False,GOOD
POP-KRA330,50.06737,19.952,004,,,,False,VERY_GOOD
POP-KRA333,50.06836,20.01257,004,,,,False,GOOD
POP-KRA335,50.0705,19.93415,004,,,,False,VERY_GOOD
POP-KRA345,49.991824,19.849762,004,,,,False,VERY_GOOD
POP-KRA347,50.086142,19.938553,004,,,,False,VERY_GOOD
POP-KRA348,50.081552,20.000762,004,,,,False,VERY_GOOD
POP-KRA350,50.09141,19.98851,004,,,,False,VERY_GOOD
POP-KRA351,50.019318,19.897357,004,,,,False,VERY_GOOD
POP-KRA352,50.02312,20.05078,004,,,,False,VERY_GOOD
POP-KRA354,50.09623,20.01664,004,,,,False,GOOD
POP-KRA355,50.0939726,19.9311129,004,,,,False,VERY_GOOD
POP-KRA356,50.06584,19.93011,004,,,,False,VERY_GOOD
POP-KRA358,50.07656,19.90509,004,,,,False,VERY_GOOD
POP-KRA359,50.08008,19.97197,004,,,,False,VERY_GOOD
POP-KRA360,50.05701,19.95989,004,,,,False,VERY_GOOD
POP-KRA363,50.09525,20.06473,004,,,,False,VERY_GOOD
POP-KRA366,50.06852,19.8324,004,,,,False,GOOD
POP-KRA367,50.09206,19.99072,004,,,,False,VERY_GOOD
POP-KRA370,50.08561,19.92656,004,,,,False,VERY_GOOD
POP-KRA371,50.01465,20.01939,004,,,,False,VERY_GOOD
POP-KRA372,50.0756,19.94202,004,,,,False,VERY_GOOD
POP-KRA373,50.08611,19.91444,004,,,,False,VERY_GOOD
POP-KRA374,50.09565,19.95258,004,,,,False,GOOD
POP-KRA378,50.05398,19.94826,004,,,,False,VERY_GOOD
POP-KRA379,50.05422,19.94358,004,,,,False,VERY_GOOD
POP-KRA380,50.01638,19.99988,004,,,,False,VERY_GOOD
POP-KRA381,49.99319,19.94001,004,,,,False,VERY_GOOD
POP-KRA383,50.03062,20.01371,004,,,,False,VERY_GOOD
POP-KRA384,50.09564,20.01005,004,,,,False,GOOD
POP-KRA387,50.03961,19.942,004,,,,False,VERY_GOOD
POP-KRA388,50.06953,20.00911,004,,,,False,GOOD
POP-KRA391,50.02991,19.91951,004,,,,False,VERY_GOOD
POP-KRA392,50.0805,19.94721,004,,,,False,VERY_GOOD
POP-KRA394,50.03255,19.94107,004,,,,False,VERY_GOOD
POP-KRA397,50.0202,19.96012,004,,,,False,VERY_GOOD
POP-KRA398,50.05361,19.94002,004,,,,False,VERY_GOOD
POP-KRA399,50.07959,20.01895,004,,,,False,VERY_GOOD
POP-KRA400,50.05283,19.91898,004,,,,False,VERY_BAD
POP-KRA401,50.01472,19.97101,004,,,,False,VERY_GOOD
POP-KRA69,50.0127883,19.9709654,004,,,,False,VERY_GOOD
POP-KRA79,50.0907,19.97963,004,,,,False,VERY_GOOD
POP-KRA81,50.01539,19.96924,004,,,,False,VERY_GOOD
POP-KRA89,50.08165,20.03227,004,,,,False,VERY_GOOD
POP-KRA91,50.09014,20.02661,004,,,,False,VERY_GOOD
